Gas Station,Address,Link,Бензин A100,Бензин A95,Бензин A95+,Бензин A98,Дизел,Дизел премиум,Електричество,Метан,Пропан Бутан,Navigation links
 Eko 1164 София – Долни Богров,с. Долни Богров,https://bg.fuelo.net/gasstation/id/257?lang=bg,3.08 лв/л.(kw/h),2.67 лв/л.(kw/h),None,None,3.04 лв/л.(kw/h),3.41 лв/л.(kw/h),None,None,None,"https://www.google.com/maps/dir/?api=1&destination=42.706902,23.468399&travelmode=driving"
 Eko 1901 София - Младост,бул. Цариградско шосе (кръговото на 4-и км),https://bg.fuelo.net/gasstation/id/260?lang=bg,3.12 лв/л.(kw/h),2.71 лв/л.(kw/h),None,None,3.08 лв/л.(kw/h),3.45 лв/л.(kw/h),None,None,1.23 лв/л.(kw/h),"https://www.google.com/maps/dir/?api=1&destination=42.667801,23.368200&travelmode=driving"
 Eko 1117 София – Черни връх,"кв. Лозенец, бул. Черни връх (преди Околовръстен път)",https://bg.fuelo.net/gasstation/id/267?lang=bg,3.12 лв/л.(kw/h),2.71 лв/л.(kw/h),None,None,3.08 лв/л.(kw/h),3.45 лв/л.(kw/h),None,None,1.23 лв/л.(kw/h),"https://www.google.com/maps/dir/?api=1&destination=42.651318,23.316212&travelmode=driving"
 Eko 1181 Пражка пролет (Self-Service),ул. Пражка пролет,https://bg.fuelo.net/gasstation/id/269?lang=bg,3.06 лв/л.(kw/h),2.65 лв/л.(kw/h),None,None,2.98 лв/л.(kw/h),3.35 лв/л.(kw/h),None,None,None,"https://www.google.com/maps/dir/?api=1&destination=42.714699,23.305799&travelmode=driving"
 Eko 1192 София – Александър Малинов,бул. Александър Малинов №37,https://bg.fuelo.net/gasstation/id/1549?lang=bg,3.10 лв/л.(kw/h),2.69 лв/л.(kw/h),None,None,3.07 лв/л.(kw/h),3.44 лв/л.(kw/h),None,None,1.22 лв/л.(kw/h),"https://www.google.com/maps/dir/?api=1&destination=42.648991,23.378176&travelmode=driving"
 Eko 1905 София - Царица Йоана,бул. Царица Йоана (Люлин 7),https://bg.fuelo.net/gasstation/id/270?lang=bg,3.06 лв/л.(kw/h),2.65 лв/л.(kw/h),None,None,3.02 лв/л.(kw/h),3.39 лв/л.(kw/h),None,None,1.19 лв/л.(kw/h),"https://www.google.com/maps/dir/?api=1&destination=42.715008,23.263046&travelmode=driving"
 Eko 1160 София - България,бул. България и ул. Д-р Стефан Сарафов,https://bg.fuelo.net/gasstation/id/272?lang=bg,3.12 лв/л.(kw/h),2.71 лв/л.(kw/h),None,None,3.08 лв/л.(kw/h),3.45 лв/л.(kw/h),None,None,1.23 лв/л.(kw/h),"https://www.google.com/maps/dir/?api=1&destination=42.680866,23.308319&travelmode=driving"
 Eko 1163 София – Ботевградско шосе,бул. Ботевградско шосе,https://bg.fuelo.net/gasstation/id/277?lang=bg,3.08 лв/л.(kw/h),2.67 лв/л.(kw/h),None,None,3.03 лв/л.(kw/h),3.40 лв/л.(kw/h),None,None,1.22 лв/л.(kw/h),"https://www.google.com/maps/dir/?api=1&destination=42.699600,23.368500&travelmode=driving"
 Eko 1906 София - Орион,ул. Адам Мицкевич №1 (модерно предградие),https://bg.fuelo.net/gasstation/id/280?lang=bg,3.06 лв/л.(kw/h),2.65 лв/л.(kw/h),None,None,3.02 лв/л.(kw/h),3.39 лв/л.(kw/h),None,None,1.19 лв/л.(kw/h),"https://www.google.com/maps/dir/?api=1&destination=42.720310,23.279575&travelmode=driving"
 Eko 1904 София - Княжево,бул. Цар Борис III №362,https://bg.fuelo.net/gasstation/id/283?lang=bg,3.05 лв/л.(kw/h),2.64 лв/л.(kw/h),None,None,3.01 лв/л.(kw/h),3.38 лв/л.(kw/h),None,None,1.19 лв/л.(kw/h),"https://www.google.com/maps/dir/?api=1&destination=42.654499,23.227600&travelmode=driving"
 Eko 1182 София - Каменоделска,ул. Каменоделска,https://bg.fuelo.net/gasstation/id/289?lang=bg,3.08 лв/л.(kw/h),2.67 лв/л.(kw/h),None,None,3.05 лв/л.(kw/h),3.42 лв/л.(kw/h),None,None,1.21 лв/л.(kw/h),"https://www.google.com/maps/dir/?api=1&destination=42.710499,23.335800&travelmode=driving"
 Eko 1902 София - Малинова долина,ул. Околовръстен път,https://bg.fuelo.net/gasstation/id/290?lang=bg,3.12 лв/л.(kw/h),2.71 лв/л.(kw/h),None,None,3.08 лв/л.(kw/h),3.45 лв/л.(kw/h),None,None,1.23 лв/л.(kw/h),"https://www.google.com/maps/dir/?api=1&destination=42.628502,23.345900&travelmode=driving"
 Eko 1112 София - Резбарска,ул. Резбарска и ул. Никола Войновски,https://bg.fuelo.net/gasstation/id/292?lang=bg,3.08 лв/л.(kw/h),2.67 лв/л.(kw/h),None,None,3.03 лв/л.(kw/h),3.40 лв/л.(kw/h),None,None,1.21 лв/л.(kw/h),"https://www.google.com/maps/dir/?api=1&destination=42.710541,23.349339&travelmode=driving"
 Eko 1162 София - Люлин 1,бул. Панчо Владигеров и ул. 701,https://bg.fuelo.net/gasstation/id/204?lang=bg,3.04 лв/л.(kw/h),2.63 лв/л.(kw/h),None,None,2.99 лв/л.(kw/h),3.36 лв/л.(kw/h),None,None,1.19 лв/л.(kw/h),"https://www.google.com/maps/dir/?api=1&destination=42.718384,23.254385&travelmode=driving"
 Eko 1185 София - Дружба I,бул. Професор Цветан Лазаров,https://bg.fuelo.net/gasstation/id/207?lang=bg,3.09 лв/л.(kw/h),2.68 лв/л.(kw/h),None,None,3.07 лв/л.(kw/h),3.44 лв/л.(kw/h),None,None,1.22 лв/л.(kw/h),"https://www.google.com/maps/dir/?api=1&destination=42.669510,23.384174&travelmode=driving"
 Eko 1145 София - Вапцаров,бул. Никола Вапцаров №2А,https://bg.fuelo.net/gasstation/id/208?lang=bg,3.11 лв/л.(kw/h),2.70 лв/л.(kw/h),None,None,3.08 лв/л.(kw/h),3.45 лв/л.(kw/h),None,None,1.23 лв/л.(kw/h),"https://www.google.com/maps/dir/?api=1&destination=42.668171,23.328953&travelmode=driving"
 Eko 1131 София – Бояна,ул. Околовръстен път,https://bg.fuelo.net/gasstation/id/211?lang=bg,3.12 лв/л.(kw/h),2.71 лв/л.(kw/h),None,None,3.08 лв/л.(kw/h),3.45 лв/л.(kw/h),None,None,1.23 лв/л.(kw/h),"https://www.google.com/maps/dir/?api=1&destination=42.650101,23.293100&travelmode=driving"
 Eko София Асен Йорданов,бул. Асен Йорданов №4,https://bg.fuelo.net/gasstation/id/85204?lang=bg,3.07 лв/л.(kw/h),2.66 лв/л.(kw/h),None,None,3.03 лв/л.(kw/h),3.40 лв/л.(kw/h),None,None,1.20 лв/л.(kw/h),"https://www.google.com/maps/dir/?api=1&destination=42.674599,23.376699&travelmode=driving"
 Eko 1903 София - Царско село,ул. Околовръстен път (Царско село),https://bg.fuelo.net/gasstation/id/214?lang=bg,3.12 лв/л.(kw/h),2.71 лв/л.(kw/h),None,None,3.08 лв/л.(kw/h),3.45 лв/л.(kw/h),None,None,1.23 лв/л.(kw/h),"https://www.google.com/maps/dir/?api=1&destination=42.638401,23.319300&travelmode=driving"
 Eko 1139 София – Ломско Шосе,бул. Ломско шосе №136,https://bg.fuelo.net/gasstation/id/227?lang=bg,3.06 лв/л.(kw/h),2.65 лв/л.(kw/h),None,None,3.02 лв/л.(kw/h),3.39 лв/л.(kw/h),None,None,1.21 лв/л.(kw/h),"https://www.google.com/maps/dir/?api=1&destination=42.751953,23.274614&travelmode=driving"
 Eko 1161 София – Шипченски проход,бул. Шипченски  проход (пред завод Електроника),https://bg.fuelo.net/gasstation/id/228?lang=bg,3.06 лв/л.(kw/h),2.65 лв/л.(kw/h),None,None,3.02 лв/л.(kw/h),3.39 лв/л.(kw/h),None,None,1.19 лв/л.(kw/h),"https://www.google.com/maps/dir/?api=1&destination=42.678070,23.367064&travelmode=driving"
 Eko 1122 София – Цар Борис III,бул. Никола Петков,https://bg.fuelo.net/gasstation/id/235?lang=bg,3.12 лв/л.(kw/h),2.71 лв/л.(kw/h),None,None,3.08 лв/л.(kw/h),3.45 лв/л.(kw/h),None,None,1.23 лв/л.(kw/h),"https://www.google.com/maps/dir/?api=1&destination=42.663986,23.260677&travelmode=driving"
 Eko 1140 София - Владимир Вазов,бул. Владимир Вазов №26 (при ул. Велека),https://bg.fuelo.net/gasstation/id/237?lang=bg,3.08 лв/л.(kw/h),2.67 лв/л.(kw/h),None,None,3.05 лв/л.(kw/h),3.42 лв/л.(kw/h),None,None,1.21 лв/л.(kw/h),"https://www.google.com/maps/dir/?api=1&destination=42.704540,23.358009&travelmode=driving"
 Eko 1184 София - Дружба II,ул. Димитър Пешев,https://bg.fuelo.net/gasstation/id/238?lang=bg,3.10 лв/л.(kw/h),2.69 лв/л.(kw/h),None,None,3.08 лв/л.(kw/h),3.45 лв/л.(kw/h),None,3.49 лв/л.(kw/h),1.23 лв/л.(kw/h),"https://www.google.com/maps/dir/?api=1&destination=42.645191,23.412390&travelmode=driving"
 Eko 1180 София - Сребърна,ул. Сребърна,https://bg.fuelo.net/gasstation/id/240?lang=bg,None,2.67 лв/л.(kw/h),None,None,3.04 лв/л.(kw/h),3.41 лв/л.(kw/h),None,None,None,"https://www.google.com/maps/dir/?api=1&destination=42.659233,23.305847&travelmode=driving"
 Eko 1165 София – Константин Величков,бул. К. Величков и ул. Д-р Каликов,https://bg.fuelo.net/gasstation/id/246?lang=bg,None,2.65 лв/л.(kw/h),None,None,3.01 лв/л.(kw/h),3.38 лв/л.(kw/h),None,None,1.19 лв/л.(kw/h),"https://www.google.com/maps/dir/?api=1&destination=42.697498,23.296200&travelmode=driving"
 Eko 1121 София - Сливница,бул. Сливница №8А,https://bg.fuelo.net/gasstation/id/1533?lang=bg,3.06 лв/л.(kw/h),2.65 лв/л.(kw/h),None,None,3.02 лв/л.(kw/h),3.39 лв/л.(kw/h),None,None,1.19 лв/л.(kw/h),"https://www.google.com/maps/dir/?api=1&destination=42.720402,23.274300&travelmode=driving"
 Lukoil Ф567,Софийски околовръстен път,https://bg.fuelo.net/gasstation/id/65051?lang=bg,3.35 лв/л.(kw/h),2.67 лв/л.(kw/h),None,None,3.02 лв/л.(kw/h),3.55 лв/л.(kw/h),None,None,1.24 лв/л.(kw/h),"https://www.google.com/maps/dir/?api=1&destination=42.701889,23.449951&travelmode=driving"
 Lukoil Б032,бул. К. Величков и бул. Възкресение,https://bg.fuelo.net/gasstation/id/164?lang=bg,2.99 лв/л.(kw/h),2.61 лв/л.(kw/h),None,None,2.97 лв/л.(kw/h),3.34 лв/л.(kw/h),None,3.74 лв/л.(kw/h),1.14 лв/л.(kw/h),"https://www.google.com/maps/dir/?api=1&destination=42.694431,23.294298&travelmode=driving"
 Lukoil Б001,Аерогара София - Терминал 1,https://bg.fuelo.net/gasstation/id/165?lang=bg,2.99 лв/л.(kw/h),2.61 лв/л.(kw/h),None,None,2.97 лв/л.(kw/h),3.34 лв/л.(kw/h),None,None,1.14 лв/л.(kw/h),"https://www.google.com/maps/dir/?api=1&destination=42.685188,23.400213&travelmode=driving"
 Lukoil Б013,изход за Калотина (до Метро-2),https://bg.fuelo.net/gasstation/id/166?lang=bg,2.99 лв/л.(kw/h),2.61 лв/л.(kw/h),None,None,2.97 лв/л.(kw/h),3.38 лв/л.(kw/h),None,None,1.14 лв/л.(kw/h),"https://www.google.com/maps/dir/?api=1&destination=42.745998,23.229225&travelmode=driving"
 Lukoil Б015,бул. Сливница до Орион,https://bg.fuelo.net/gasstation/id/167?lang=bg,2.99 лв/л.(kw/h),2.61 лв/л.(kw/h),None,None,2.97 лв/л.(kw/h),3.35 лв/л.(kw/h),None,None,1.14 лв/л.(kw/h),"https://www.google.com/maps/dir/?api=1&destination=42.716202,23.280899&travelmode=driving"
 Lukoil Б014,Ботевградско шосе,https://bg.fuelo.net/gasstation/id/168?lang=bg,2.99 лв/л.(kw/h),2.61 лв/л.(kw/h),None,None,2.97 лв/л.(kw/h),3.35 лв/л.(kw/h),None,None,None,"https://www.google.com/maps/dir/?api=1&destination=42.702301,23.383400&travelmode=driving"
 Lukoil Б036,"вход на София от Перник, преди Владая",https://bg.fuelo.net/gasstation/id/169?lang=bg,2.99 лв/л.(kw/h),2.61 лв/л.(kw/h),None,None,2.97 лв/л.(kw/h),3.35 лв/л.(kw/h),None,None,1.14 лв/л.(kw/h),"https://www.google.com/maps/dir/?api=1&destination=42.617699,23.177401&travelmode=driving"
 Lukoil Б135,кв. Княжево (изход за Перник),https://bg.fuelo.net/gasstation/id/170?lang=bg,2.99 лв/л.(kw/h),2.61 лв/л.(kw/h),None,None,2.97 лв/л.(kw/h),3.35 лв/л.(kw/h),None,None,1.14 лв/л.(kw/h),"https://www.google.com/maps/dir/?api=1&destination=42.650852,23.217815&travelmode=driving"
 Lukoil Б134,бул. Г. М. Димитров (до Зоопарка),https://bg.fuelo.net/gasstation/id/171?lang=bg,2.99 лв/л.(kw/h),2.61 лв/л.(kw/h),None,None,2.97 лв/л.(kw/h),3.35 лв/л.(kw/h),None,None,1.14 лв/л.(kw/h),"https://www.google.com/maps/dir/?api=1&destination=42.657799,23.339199&travelmode=driving"
 Lukoil Б026,бул. Шипченски проход (до комплекс Червено знаме),https://bg.fuelo.net/gasstation/id/172?lang=bg,2.99 лв/л.(kw/h),2.61 лв/л.(kw/h),None,None,2.97 лв/л.(kw/h),3.35 лв/л.(kw/h),None,None,1.14 лв/л.(kw/h),"https://www.google.com/maps/dir/?api=1&destination=42.674999,23.374701&travelmode=driving"
 Lukoil Б041,"ж.к. Люлин-7, бул. Пиротски (до тунела)",https://bg.fuelo.net/gasstation/id/173?lang=bg,2.99 лв/л.(kw/h),2.61 лв/л.(kw/h),None,None,2.97 лв/л.(kw/h),3.35 лв/л.(kw/h),None,None,1.14 лв/л.(kw/h),"https://www.google.com/maps/dir/?api=1&destination=42.711700,23.268801&travelmode=driving"
 Lukoil Б040,"ж.к. Люлин-8, бул. Панчо Владигеров",https://bg.fuelo.net/gasstation/id/174?lang=bg,2.99 лв/л.(kw/h),2.61 лв/л.(kw/h),None,None,2.94 лв/л.(kw/h),3.35 лв/л.(kw/h),None,None,1.14 лв/л.(kw/h),"https://www.google.com/maps/dir/?api=1&destination=42.720387,23.255692&travelmode=driving"
 Lukoil Б043,бул. Тодор Александров,https://bg.fuelo.net/gasstation/id/175?lang=bg,2.99 лв/л.(kw/h),2.61 лв/л.(kw/h),None,None,2.97 лв/л.(kw/h),3.36 лв/л.(kw/h),None,None,1.14 лв/л.(kw/h),"https://www.google.com/maps/dir/?api=1&destination=42.702301,23.297400&travelmode=driving"
 Lukoil Б090,ул. Илия Бешков №6,https://bg.fuelo.net/gasstation/id/176?lang=bg,2.99 лв/л.(kw/h),2.61 лв/л.(kw/h),None,None,2.97 лв/л.(kw/h),3.34 лв/л.(kw/h),None,None,1.14 лв/л.(kw/h),"https://www.google.com/maps/dir/?api=1&destination=42.658855,23.402880&travelmode=driving"
 Lukoil Б064,ул. Асен Йорданов,https://bg.fuelo.net/gasstation/id/177?lang=bg,2.99 лв/л.(kw/h),2.61 лв/л.(kw/h),2.80 лв/л.(kw/h),None,2.97 лв/л.(kw/h),3.34 лв/л.(kw/h),None,None,1.14 лв/л.(kw/h),"https://www.google.com/maps/dir/?api=1&destination=42.672699,23.390499&travelmode=driving"
 Lukoil Б077,"Околовръстен път, до кв. Суходол",https://bg.fuelo.net/gasstation/id/178?lang=bg,2.99 лв/л.(kw/h),2.61 лв/л.(kw/h),2.80 лв/л.(kw/h),None,2.97 лв/л.(kw/h),3.35 лв/л.(kw/h),None,None,1.14 лв/л.(kw/h),"https://www.google.com/maps/dir/?api=1&destination=42.691101,23.229799&travelmode=driving"
 Lukoil Б130,"кв. Орландовци, бул. Първа българска армия, до ДЗИ",https://bg.fuelo.net/gasstation/id/179?lang=bg,2.99 лв/л.(kw/h),2.61 лв/л.(kw/h),None,None,2.97 лв/л.(kw/h),3.35 лв/л.(kw/h),None,None,1.14 лв/л.(kw/h),"https://www.google.com/maps/dir/?api=1&destination=42.723499,23.328501&travelmode=driving"
 Lukoil Б146,бул. Братя Бъкстон,https://bg.fuelo.net/gasstation/id/180?lang=bg,2.99 лв/л.(kw/h),2.61 лв/л.(kw/h),None,None,2.97 лв/л.(kw/h),3.34 лв/л.(kw/h),None,None,None,"https://www.google.com/maps/dir/?api=1&destination=42.660702,23.272900&travelmode=driving"
 Lukoil Б133,кв. Горна баня ,https://bg.fuelo.net/gasstation/id/181?lang=bg,2.99 лв/л.(kw/h),2.61 лв/л.(kw/h),None,None,2.97 лв/л.(kw/h),3.35 лв/л.(kw/h),None,None,1.14 лв/л.(kw/h),"https://www.google.com/maps/dir/?api=1&destination=42.672379,23.243380&travelmode=driving"
 Lukoil Б143,бул. Сливница (Сточна гара),https://bg.fuelo.net/gasstation/id/182?lang=bg,2.99 лв/л.(kw/h),2.61 лв/л.(kw/h),None,None,2.97 лв/л.(kw/h),3.35 лв/л.(kw/h),None,None,None,"https://www.google.com/maps/dir/?api=1&destination=42.704399,23.331301&travelmode=driving"
 Lukoil Ф526,ул. Самара №1 (ж.к. Младост 4),https://bg.fuelo.net/gasstation/id/184?lang=bg,2.99 лв/л.(kw/h),2.61 лв/л.(kw/h),None,None,2.97 лв/л.(kw/h),3.35 лв/л.(kw/h),None,None,1.14 лв/л.(kw/h),"https://www.google.com/maps/dir/?api=1&destination=42.630264,23.374298&travelmode=driving"
 OMV Слатинска,ул. Слатинска №13,https://bg.fuelo.net/gasstation/id/563?lang=bg,3.08 лв/л.(kw/h),2.65 лв/л.(kw/h),2.86 лв/л.(kw/h),None,3.02 лв/л.(kw/h),3.37 лв/л.(kw/h),None,None,1.22 лв/л.(kw/h),"https://www.google.com/maps/dir/?api=1&destination=42.690899,23.369900&travelmode=driving"
 OMV Бъкстон,бул. Братя Бъкстон №83,https://bg.fuelo.net/gasstation/id/567?lang=bg,3.13 лв/л.(kw/h),2.71 лв/л.(kw/h),None,None,3.08 лв/л.(kw/h),3.43 лв/л.(kw/h),None,None,1.23 лв/л.(kw/h),"https://www.google.com/maps/dir/?api=1&destination=42.658001,23.271700&travelmode=driving"
 OMV Черковна,бул. Владимир Вазов №1,https://bg.fuelo.net/gasstation/id/570?lang=bg,3.09 лв/л.(kw/h),2.67 лв/л.(kw/h),None,None,2.98 лв/л.(kw/h),3.39 лв/л.(kw/h),None,None,1.22 лв/л.(kw/h),"https://www.google.com/maps/dir/?api=1&destination=42.701801,23.351200&travelmode=driving"
 OMV Мусагеница,бул. Доктор Г. М. Димитров,https://bg.fuelo.net/gasstation/id/571?lang=bg,3.11 лв/л.(kw/h),2.69 лв/л.(kw/h),2.90 лв/л.(kw/h),None,3.06 лв/л.(kw/h),3.44 лв/л.(kw/h),None,None,1.23 лв/л.(kw/h),"https://www.google.com/maps/dir/?api=1&destination=42.663200,23.358299&travelmode=driving"
 OMV Банишора,бул. Генерал Столетов №27,https://bg.fuelo.net/gasstation/id/585?lang=bg,3.07 лв/л.(kw/h),2.65 лв/л.(kw/h),None,None,3.01 лв/л.(kw/h),3.40 лв/л.(kw/h),None,None,1.25 лв/л.(kw/h),"https://www.google.com/maps/dir/?api=1&destination=42.710632,23.308495&travelmode=driving"
 OMV Враждебна,бул. Ботевградско шосе №2,https://bg.fuelo.net/gasstation/id/587?lang=bg,3.07 лв/л.(kw/h),2.77 лв/л.(kw/h),None,None,3.11 лв/л.(kw/h),3.37 лв/л.(kw/h),None,None,1.30 лв/л.(kw/h),"https://www.google.com/maps/dir/?api=1&destination=42.709599,23.428101&travelmode=driving"
 OMV Младост 1А,бул. Александър Малинов,https://bg.fuelo.net/gasstation/id/588?lang=bg,3.09 лв/л.(kw/h),2.69 лв/л.(kw/h),None,None,3.04 лв/л.(kw/h),3.42 лв/л.(kw/h),None,None,1.24 лв/л.(kw/h),"https://www.google.com/maps/dir/?api=1&destination=42.651180,23.379589&travelmode=driving"
 OMV Люлин Тунела,бул. Пиротски,https://bg.fuelo.net/gasstation/id/590?lang=bg,3.06 лв/л.(kw/h),2.66 лв/л.(kw/h),None,None,3.04 лв/л.(kw/h),3.39 лв/л.(kw/h),None,None,1.19 лв/л.(kw/h),"https://www.google.com/maps/dir/?api=1&destination=42.710648,23.272182&travelmode=driving"
 OMV София - Никола Мушанов,бул. Никола Мушанов №114,https://bg.fuelo.net/gasstation/id/593?lang=bg,3.07 лв/л.(kw/h),2.65 лв/л.(kw/h),None,None,2.99 лв/л.(kw/h),3.37 лв/л.(kw/h),None,None,1.19 лв/л.(kw/h),"https://www.google.com/maps/dir/?api=1&destination=42.689621,23.276772&travelmode=driving"
 OMV Автокам,бул. Ботевградско шосе №264,https://bg.fuelo.net/gasstation/id/597?lang=bg,3.07 лв/л.(kw/h),2.73 лв/л.(kw/h),None,None,3.08 лв/л.(kw/h),3.37 лв/л.(kw/h),None,None,1.23 лв/л.(kw/h),"https://www.google.com/maps/dir/?api=1&destination=42.706978,23.410515&travelmode=driving"
 OMV Рожен,бул. Рожен №20Е,https://bg.fuelo.net/gasstation/id/604?lang=bg,3.07 лв/л.(kw/h),2.64 лв/л.(kw/h),2.86 лв/л.(kw/h),None,2.99 лв/л.(kw/h),3.37 лв/л.(kw/h),None,None,1.21 лв/л.(kw/h),"https://www.google.com/maps/dir/?api=1&destination=42.732670,23.314037&travelmode=driving"
 OMV Цариградско шосе,бул. Цариградско шосе,https://bg.fuelo.net/gasstation/id/608?lang=bg,3.07 лв/л.(kw/h),2.67 лв/л.(kw/h),None,None,3.05 лв/л.(kw/h),3.37 лв/л.(kw/h),None,None,1.25 лв/л.(kw/h),"https://www.google.com/maps/dir/?api=1&destination=42.656933,23.385836&travelmode=driving"
 OMV Опълченска,ул. Опълченска №35,https://bg.fuelo.net/gasstation/id/610?lang=bg,3.09 лв/л.(kw/h),2.66 лв/л.(kw/h),2.86 лв/л.(kw/h),None,2.99 лв/л.(kw/h),3.37 лв/л.(kw/h),None,None,None,"https://www.google.com/maps/dir/?api=1&destination=42.703602,23.310900&travelmode=driving"
 OMV София - Сливница,бул. Сливница №132,https://bg.fuelo.net/gasstation/id/611?lang=bg,3.07 лв/л.(kw/h),2.63 лв/л.(kw/h),None,None,2.99 лв/л.(kw/h),3.37 лв/л.(kw/h),None,None,1.21 лв/л.(kw/h),"https://www.google.com/maps/dir/?api=1&destination=42.716099,23.282301&travelmode=driving"
 OMV Момина чешма,бул. Проф. Цветан Лазаров №1,https://bg.fuelo.net/gasstation/id/614?lang=bg,3.11 лв/л.(kw/h),2.69 лв/л.(kw/h),None,None,3.06 лв/л.(kw/h),3.42 лв/л.(kw/h),None,None,1.25 лв/л.(kw/h),"https://www.google.com/maps/dir/?api=1&destination=42.661537,23.391735&travelmode=driving"
 OMV Ломско шосе,бул. Ломско шосе №2,https://bg.fuelo.net/gasstation/id/617?lang=bg,3.08 лв/л.(kw/h),2.69 лв/л.(kw/h),None,None,3.02 лв/л.(kw/h),3.37 лв/л.(kw/h),None,None,1.25 лв/л.(kw/h),"https://www.google.com/maps/dir/?api=1&destination=42.722961,23.306761&travelmode=driving"
 OMV Овча купел,ул. Бойчо Бойчев №66,https://bg.fuelo.net/gasstation/id/618?lang=bg,3.07 лв/л.(kw/h),2.66 лв/л.(kw/h),None,None,3.00 лв/л.(kw/h),3.39 лв/л.(kw/h),None,None,1.20 лв/л.(kw/h),"https://www.google.com/maps/dir/?api=1&destination=42.682217,23.242872&travelmode=driving"
 OMV Пробива,ул. Гюешево №83,https://bg.fuelo.net/gasstation/id/623?lang=bg,3.07 лв/л.(kw/h),2.64 лв/л.(kw/h),None,None,2.97 лв/л.(kw/h),3.37 лв/л.(kw/h),None,3.79 лв/л.(kw/h),1.19 лв/л.(kw/h),"https://www.google.com/maps/dir/?api=1&destination=42.691101,23.295601&travelmode=driving"
 OMV Малинова долина,ул. Околовръстен път №221,https://bg.fuelo.net/gasstation/id/625?lang=bg,3.13 лв/л.(kw/h),2.71 лв/л.(kw/h),2.92 лв/л.(kw/h),None,3.08 лв/л.(kw/h),3.43 лв/л.(kw/h),None,None,1.23 лв/л.(kw/h),"https://www.google.com/maps/dir/?api=1&destination=42.628750,23.345062&travelmode=driving"
 OMV Окръжна болница,бул. Цариградско шосе,https://bg.fuelo.net/gasstation/id/626?lang=bg,3.09 лв/л.(kw/h),2.69 лв/л.(kw/h),None,None,3.05 лв/л.(kw/h),3.43 лв/л.(kw/h),None,None,1.26 лв/л.(kw/h),"https://www.google.com/maps/dir/?api=1&destination=42.661701,23.377399&travelmode=driving"
 OMV София - Резбарска,ул. Резбарска №4,https://bg.fuelo.net/gasstation/id/631?lang=bg,3.09 лв/л.(kw/h),2.64 лв/л.(kw/h),None,None,2.96 лв/л.(kw/h),3.38 лв/л.(kw/h),None,None,1.21 лв/л.(kw/h),"https://www.google.com/maps/dir/?api=1&destination=42.707901,23.341900&travelmode=driving"
 OMV Бул. България,бул. България №45,https://bg.fuelo.net/gasstation/id/632?lang=bg,3.13 лв/л.(kw/h),2.71 лв/л.(kw/h),2.92 лв/л.(kw/h),None,3.08 лв/л.(kw/h),3.43 лв/л.(kw/h),None,None,1.23 лв/л.(kw/h),"https://www.google.com/maps/dir/?api=1&destination=42.667545,23.290752&travelmode=driving"
 OMV Грънчарска,ул. 202-ра,https://bg.fuelo.net/gasstation/id/635?lang=bg,3.07 лв/л.(kw/h),2.69 лв/л.(kw/h),None,None,2.98 лв/л.(kw/h),3.37 лв/л.(kw/h),None,None,1.21 лв/л.(kw/h),"https://www.google.com/maps/dir/?api=1&destination=42.711754,23.331001&travelmode=driving"
 OMV 8-ми декември,ул. 8-ми декември,https://bg.fuelo.net/gasstation/id/637?lang=bg,3.10 лв/л.(kw/h),2.69 лв/л.(kw/h),None,None,3.04 лв/л.(kw/h),3.41 лв/л.(kw/h),None,None,1.23 лв/л.(kw/h),"https://www.google.com/maps/dir/?api=1&destination=42.651012,23.357609&travelmode=driving"
 OMV Бояна,ул. Околовръстен път,https://bg.fuelo.net/gasstation/id/640?lang=bg,3.13 лв/л.(kw/h),2.71 лв/л.(kw/h),None,None,3.08 лв/л.(kw/h),3.43 лв/л.(kw/h),None,None,1.23 лв/л.(kw/h),"https://www.google.com/maps/dir/?api=1&destination=42.651470,23.287512&travelmode=driving"
 OMV Корабче,бул. Цариградско шосе,https://bg.fuelo.net/gasstation/id/642?lang=bg,3.11 лв/л.(kw/h),2.69 лв/л.(kw/h),None,None,3.03 лв/л.(kw/h),3.41 лв/л.(kw/h),None,3.79 лв/л.(kw/h),1.24 лв/л.(kw/h),"https://www.google.com/maps/dir/?api=1&destination=42.641644,23.404444&travelmode=driving"
 OMV Самоковско шосе,ул. Самоковско шосе,https://bg.fuelo.net/gasstation/id/1531?lang=bg,3.10 лв/л.(kw/h),2.75 лв/л.(kw/h),None,None,3.07 лв/л.(kw/h),3.40 лв/л.(kw/h),None,None,1.28 лв/л.(kw/h),"https://www.google.com/maps/dir/?api=1&destination=42.621384,23.403950&travelmode=driving"
 Rompetrol София 2,бул. Рожен №23Б,https://bg.fuelo.net/gasstation/id/513?lang=bg,2.94 лв/л.(kw/h),2.69 лв/л.(kw/h),None,None,3.02 лв/л.(kw/h),None,None,None,1.21 лв/л.(kw/h),"https://www.google.com/maps/dir/?api=1&destination=42.735859,23.314686&travelmode=driving"
 Rompetrol София 7,бул. Ботевградско шосе №231,https://bg.fuelo.net/gasstation/id/1800?lang=bg,2.94 лв/л.(kw/h),2.69 лв/л.(kw/h),None,None,3.07 лв/л.(kw/h),None,None,None,1.22 лв/л.(kw/h),"https://www.google.com/maps/dir/?api=1&destination=42.702713,23.383127&travelmode=driving"
 Rompetrol София 1,бул. Ломско шосе №175,https://bg.fuelo.net/gasstation/id/535?lang=bg,2.93 лв/л.(kw/h),2.65 лв/л.(kw/h),None,None,3.04 лв/л.(kw/h),None,None,None,1.20 лв/л.(kw/h),"https://www.google.com/maps/dir/?api=1&destination=42.738407,23.289162&travelmode=driving"
 Rompetrol София 3,бул. Цветан Лазаров №34 (кв. Дружба 1),https://bg.fuelo.net/gasstation/id/549?lang=bg,2.99 лв/л.(kw/h),2.68 лв/л.(kw/h),None,None,3.04 лв/л.(kw/h),None,None,None,1.22 лв/л.(kw/h),"https://www.google.com/maps/dir/?api=1&destination=42.667950,23.384819&travelmode=driving"
 Rompetrol София 5,ул. Александър Екзарх №11 (кв. Сухата река),https://bg.fuelo.net/gasstation/id/550?lang=bg,2.97 лв/л.(kw/h),2.67 лв/л.(kw/h),None,None,3.02 лв/л.(kw/h),None,None,None,1.22 лв/л.(kw/h),"https://www.google.com/maps/dir/?api=1&destination=42.699200,23.360500&travelmode=driving"
 Rompetrol София 9,бул. Тодор Каблешков №74А,https://bg.fuelo.net/gasstation/id/183?lang=bg,2.96 лв/л.(kw/h),2.66 лв/л.(kw/h),None,None,3.03 лв/л.(kw/h),None,None,None,None,"https://www.google.com/maps/dir/?api=1&destination=42.663101,23.291500&travelmode=driving"
 Rompetrol София 8,бул. Президент Линкълн №68A,https://bg.fuelo.net/gasstation/id/1501?lang=bg,2.94 лв/л.(kw/h),2.65 лв/л.(kw/h),None,None,2.99 лв/л.(kw/h),None,None,None,1.18 лв/л.(kw/h),"https://www.google.com/maps/dir/?api=1&destination=42.690102,23.250900&travelmode=driving"
 Shell 3022 София Средец,бул. Цариградско шосе,https://bg.fuelo.net/gasstation/id/296?lang=bg,3.09 лв/л.(kw/h),2.75 лв/л.(kw/h),2.93 лв/л.(kw/h),None,3.08 лв/л.(kw/h),3.43 лв/л.(kw/h),None,None,1.24 лв/л.(kw/h),"https://www.google.com/maps/dir/?api=1&destination=42.661900,23.379601&travelmode=driving"
 Shell 5003 София Надежда,ул. 202-ра №4,https://bg.fuelo.net/gasstation/id/298?lang=bg,3.08 лв/л.(kw/h),2.67 лв/л.(kw/h),2.89 лв/л.(kw/h),None,3.01 лв/л.(kw/h),3.40 лв/л.(kw/h),None,None,1.20 лв/л.(kw/h),"https://www.google.com/maps/dir/?api=1&destination=42.714298,23.327900&travelmode=driving"
 Shell 3036 София Дианабад,бул. Г. М. Димитров,https://bg.fuelo.net/gasstation/id/303?lang=bg,3.10 лв/л.(kw/h),2.63 лв/л.(kw/h),2.90 лв/л.(kw/h),None,2.96 лв/л.(kw/h),3.41 лв/л.(kw/h),None,None,1.23 лв/л.(kw/h),"https://www.google.com/maps/dir/?api=1&destination=42.660000,23.348000&travelmode=driving"
 Shell 2008 София Симеоново,"Околовръстен път, km 46+717",https://bg.fuelo.net/gasstation/id/308?lang=bg,3.12 лв/л.(kw/h),2.71 лв/л.(kw/h),2.91 лв/л.(kw/h),None,3.04 лв/л.(kw/h),3.42 лв/л.(kw/h),None,None,1.24 лв/л.(kw/h),"https://www.google.com/maps/dir/?api=1&destination=42.638790,23.320749&travelmode=driving"
 Shell 5004 София Овча Купел,ул. Бойчо Бойчев №4,https://bg.fuelo.net/gasstation/id/309?lang=bg,3.07 лв/л.(kw/h),2.65 лв/л.(kw/h),2.88 лв/л.(kw/h),None,2.98 лв/л.(kw/h),None,None,None,None,"https://www.google.com/maps/dir/?api=1&destination=42.674091,23.250174&travelmode=driving"
 Shell 5002 София Сливница,бул. Сливница,https://bg.fuelo.net/gasstation/id/317?lang=bg,3.09 лв/л.(kw/h),2.66 лв/л.(kw/h),2.90 лв/л.(kw/h),None,3.00 лв/л.(kw/h),3.37 лв/л.(kw/h),None,None,1.21 лв/л.(kw/h),"https://www.google.com/maps/dir/?api=1&destination=42.706299,23.306000&travelmode=driving"
 Shell 6012 София Герена,бул. Владимир Вазов 15А,https://bg.fuelo.net/gasstation/id/323?lang=bg,3.08 лв/л.(kw/h),2.69 лв/л.(kw/h),2.89 лв/л.(kw/h),None,3.00 лв/л.(kw/h),3.40 лв/л.(kw/h),None,None,1.26 лв/л.(kw/h),"https://www.google.com/maps/dir/?api=1&destination=42.709099,23.368299&travelmode=driving"
 Shell 3028 София Люлин Център,ж.к. Люлин,https://bg.fuelo.net/gasstation/id/331?lang=bg,3.08 лв/л.(kw/h),2.63 лв/л.(kw/h),2.89 лв/л.(kw/h),None,2.99 лв/л.(kw/h),3.40 лв/л.(kw/h),0.00 лв/л.(kw/h),None,1.17 лв/л.(kw/h),"https://www.google.com/maps/dir/?api=1&destination=42.719162,23.253407&travelmode=driving"
 Shell 2009 София Европа,бул. Европа №138,https://bg.fuelo.net/gasstation/id/338?lang=bg,3.08 лв/л.(kw/h),2.64 лв/л.(kw/h),2.89 лв/л.(kw/h),None,2.94 лв/л.(kw/h),3.37 лв/л.(kw/h),None,None,1.19 лв/л.(kw/h),"https://www.google.com/maps/dir/?api=1&destination=42.733002,23.251699&travelmode=driving"
 Shell 3020 София Младост,бул. Александър Малинов,https://bg.fuelo.net/gasstation/id/352?lang=bg,3.11 лв/л.(kw/h),2.69 лв/л.(kw/h),2.93 лв/л.(kw/h),None,3.05 лв/л.(kw/h),3.40 лв/л.(kw/h),None,None,1.24 лв/л.(kw/h),"https://www.google.com/maps/dir/?api=1&destination=42.647900,23.375900&travelmode=driving"
 Shell 3035 София Белите Брези,бул. България,https://bg.fuelo.net/gasstation/id/363?lang=bg,3.11 лв/л.(kw/h),2.71 лв/л.(kw/h),2.92 лв/л.(kw/h),None,3.01 лв/л.(kw/h),3.43 лв/л.(kw/h),None,None,None,"https://www.google.com/maps/dir/?api=1&destination=42.677399,23.297300&travelmode=driving"
 Shell 3033 София Дружба,бул. Брюксел,https://bg.fuelo.net/gasstation/id/364?lang=bg,3.09 лв/л.(kw/h),2.67 лв/л.(kw/h),2.91 лв/л.(kw/h),None,3.03 лв/л.(kw/h),3.41 лв/л.(kw/h),None,None,1.21 лв/л.(kw/h),"https://www.google.com/maps/dir/?api=1&destination=42.669365,23.392380&travelmode=driving"
 Shell 3037 София Възкресение,бул. Възкресение №1,https://bg.fuelo.net/gasstation/id/365?lang=bg,3.08 лв/л.(kw/h),2.64 лв/л.(kw/h),2.88 лв/л.(kw/h),None,2.99 лв/л.(kw/h),3.45 лв/л.(kw/h),None,None,1.19 лв/л.(kw/h),"https://www.google.com/maps/dir/?api=1&destination=42.693901,23.293400&travelmode=driving"
 Shell 3007 София Бояна,"околовръстно шосе, km 49+650",https://bg.fuelo.net/gasstation/id/370?lang=bg,3.16 лв/л.(kw/h),2.71 лв/л.(kw/h),2.97 лв/л.(kw/h),None,3.04 лв/л.(kw/h),3.48 лв/л.(kw/h),None,None,1.24 лв/л.(kw/h),"https://www.google.com/maps/dir/?api=1&destination=42.650642,23.289873&travelmode=driving"
 Shell 3006 София Люлин,бул. Петър Дертлиев,https://bg.fuelo.net/gasstation/id/376?lang=bg,3.06 лв/л.(kw/h),2.64 лв/л.(kw/h),2.87 лв/л.(kw/h),None,2.95 лв/л.(kw/h),3.37 лв/л.(kw/h),0.00 лв/л.(kw/h),None,1.19 лв/л.(kw/h),"https://www.google.com/maps/dir/?api=1&destination=42.714298,23.276300&travelmode=driving"
 Shell 3026 София Владимир Вазов,бул. Владимир Вазов,https://bg.fuelo.net/gasstation/id/382?lang=bg,3.11 лв/л.(kw/h),2.68 лв/л.(kw/h),2.92 лв/л.(kw/h),None,3.00 лв/л.(kw/h),3.41 лв/л.(kw/h),None,None,1.23 лв/л.(kw/h),"https://www.google.com/maps/dir/?api=1&destination=42.702518,23.350794&travelmode=driving"
 Shell 3018 София Красна Поляна,бул. Никола Мушанов №120,https://bg.fuelo.net/gasstation/id/396?lang=bg,3.06 лв/л.(kw/h),2.65 лв/л.(kw/h),2.88 лв/л.(kw/h),None,2.98 лв/л.(kw/h),3.40 лв/л.(kw/h),None,None,1.20 лв/л.(kw/h),"https://www.google.com/maps/dir/?api=1&destination=42.687611,23.275389&travelmode=driving"
 Shell 3017 София Изток,бул. Цариградско шосе,https://bg.fuelo.net/gasstation/id/398?lang=bg,3.08 лв/л.(kw/h),2.71 лв/л.(kw/h),2.95 лв/л.(kw/h),None,3.08 лв/л.(kw/h),3.45 лв/л.(kw/h),None,None,1.24 лв/л.(kw/h),"https://www.google.com/maps/dir/?api=1&destination=42.658600,23.381701&travelmode=driving"
 Shell 3023 София Ломско Шосе,бул. Ломско шосе,https://bg.fuelo.net/gasstation/id/402?lang=bg,3.08 лв/л.(kw/h),2.59 лв/л.(kw/h),2.90 лв/л.(kw/h),None,2.90 лв/л.(kw/h),3.41 лв/л.(kw/h),None,None,1.21 лв/л.(kw/h),"https://www.google.com/maps/dir/?api=1&destination=42.731560,23.296413&travelmode=driving"
 Shell 3019 София Хемус,бул. Ботевградско шосе (изход от София),https://bg.fuelo.net/gasstation/id/413?lang=bg,3.08 лв/л.(kw/h),2.74 лв/л.(kw/h),2.89 лв/л.(kw/h),None,3.06 лв/л.(kw/h),3.43 лв/л.(kw/h),None,None,1.23 лв/л.(kw/h),"https://www.google.com/maps/dir/?api=1&destination=42.706940,23.457371&travelmode=driving"
 Shell 5005 Опълченска,ул. Опълченска,https://bg.fuelo.net/gasstation/id/1492?lang=bg,3.09 лв/л.(kw/h),2.68 лв/л.(kw/h),2.90 лв/л.(kw/h),None,3.01 лв/л.(kw/h),3.40 лв/л.(kw/h),None,None,1.22 лв/л.(kw/h),"https://www.google.com/maps/dir/?api=1&destination=42.705185,23.311218&travelmode=driving"
 Shell 5006 Подуене,бул. Ботевградско шосе,https://bg.fuelo.net/gasstation/id/1493?lang=bg,3.08 лв/л.(kw/h),2.64 лв/л.(kw/h),2.89 лв/л.(kw/h),None,3.02 лв/л.(kw/h),3.41 лв/л.(kw/h),0.00 лв/л.(kw/h),None,1.20 лв/л.(kw/h),"https://www.google.com/maps/dir/?api=1&destination=42.696400,23.355885&travelmode=driving"
 Petrol 7104 София: Пиротска,бул. К.Величков и ул. Пиротска,https://bg.fuelo.net/gasstation/id/1280?lang=bg,None,2.64 лв/л.(kw/h),None,None,3.00 лв/л.(kw/h),3.30 лв/л.(kw/h),None,None,1.16 лв/л.(kw/h),"https://www.google.com/maps/dir/?api=1&destination=42.703148,23.297472&travelmode=driving"
 Petrol 7106 София: Люлин,ж.к. Люлин 5 (околовръстно на Люлин),https://bg.fuelo.net/gasstation/id/1281?lang=bg,3.02 лв/л.(kw/h),2.66 лв/л.(kw/h),None,None,3.04 лв/л.(kw/h),3.34 лв/л.(kw/h),None,None,1.19 лв/л.(kw/h),"https://www.google.com/maps/dir/?api=1&destination=42.711662,23.240961&travelmode=driving"
 Petrol 7111 София: Илиянци,ул. Илиянско шосе (с/у входа на ТБ Илиенци),https://bg.fuelo.net/gasstation/id/1283?lang=bg,None,2.66 лв/л.(kw/h),None,None,3.02 лв/л.(kw/h),None,None,None,None,"https://www.google.com/maps/dir/?api=1&destination=42.739300,23.317400&travelmode=driving"
 Petrol 7118 София: Младост 3,"ж.к. Младост-3, бул. Йордан Милев",https://bg.fuelo.net/gasstation/id/1286?lang=bg,3.02 лв/л.(kw/h),2.66 лв/л.(kw/h),None,None,3.05 лв/л.(kw/h),3.35 лв/л.(kw/h),None,None,None,"https://www.google.com/maps/dir/?api=1&destination=42.639137,23.381161&travelmode=driving"
 Petrol 7119 София: Бъкстон,бул. Цар Борис III (локално),https://bg.fuelo.net/gasstation/id/1287?lang=bg,None,2.49 лв/л.(kw/h),None,None,2.89 лв/л.(kw/h),None,None,None,None,"https://www.google.com/maps/dir/?api=1&destination=42.667400,23.264400&travelmode=driving"
 Petrol 7121 София: Слатина,бул. проф. Цветан Лазаров (кв. Слатина),https://bg.fuelo.net/gasstation/id/1289?lang=bg,None,2.64 лв/л.(kw/h),None,None,3.02 лв/л.(kw/h),3.32 лв/л.(kw/h),None,None,1.19 лв/л.(kw/h),"https://www.google.com/maps/dir/?api=1&destination=42.675900,23.379900&travelmode=driving"
 Petrol 7125 София: Сливница,бул. Сливница №512,https://bg.fuelo.net/gasstation/id/1291?lang=bg,None,2.66 лв/л.(kw/h),None,None,3.02 лв/л.(kw/h),3.32 лв/л.(kw/h),None,None,None,"https://www.google.com/maps/dir/?api=1&destination=42.735802,23.246401&travelmode=driving"
 Petrol 7129 София: КАТ,бул. Драган Цанков (срещу КАТ),https://bg.fuelo.net/gasstation/id/1294?lang=bg,3.02 лв/л.(kw/h),2.66 лв/л.(kw/h),None,None,3.03 лв/л.(kw/h),3.33 лв/л.(kw/h),None,None,1.22 лв/л.(kw/h),"https://www.google.com/maps/dir/?api=1&destination=42.665600,23.354099&travelmode=driving"
 Petrol 7130 София: Младост 2,"ж.к. Младост-2, бул. Ал. Малинов",https://bg.fuelo.net/gasstation/id/1295?lang=bg,None,2.49 лв/л.(kw/h),None,None,2.88 лв/л.(kw/h),None,None,None,None,"https://www.google.com/maps/dir/?api=1&destination=42.643661,23.373716&travelmode=driving"
 Petrol 7133 София: Стамболийски,рест. Вагона зад Рамстор,https://bg.fuelo.net/gasstation/id/1296?lang=bg,2.82 лв/л.(kw/h),2.48 лв/л.(kw/h),None,None,2.87 лв/л.(kw/h),None,None,None,None,"https://www.google.com/maps/dir/?api=1&destination=42.702629,23.283749&travelmode=driving"
 Petrol 7135 София: Обеля,кв. Обеля,https://bg.fuelo.net/gasstation/id/1298?lang=bg,3.02 лв/л.(kw/h),2.71 лв/л.(kw/h),None,None,3.03 лв/л.(kw/h),None,None,None,1.24 лв/л.(kw/h),"https://www.google.com/maps/dir/?api=1&destination=42.742687,23.266674&travelmode=driving"
 Petrol 7144 София: Надежда 3,ул. Хан Кубрат (околовръстното на Надежда),https://bg.fuelo.net/gasstation/id/1302?lang=bg,3.02 лв/л.(kw/h),2.66 лв/л.(kw/h),None,None,3.02 лв/л.(kw/h),3.32 лв/л.(kw/h),None,None,1.21 лв/л.(kw/h),"https://www.google.com/maps/dir/?api=1&destination=42.727901,23.288200&travelmode=driving"
 Petrol 7146 София: Тодор Каблешков,бул. Тодор Каблешков,https://bg.fuelo.net/gasstation/id/1304?lang=bg,3.02 лв/л.(kw/h),2.66 лв/л.(kw/h),None,None,3.03 лв/л.(kw/h),3.33 лв/л.(kw/h),None,None,1.23 лв/л.(kw/h),"https://www.google.com/maps/dir/?api=1&destination=42.659534,23.298437&travelmode=driving"
 Petrol 7150 София: Дружба 1,кв. Дружба 1 (до базар Панда),https://bg.fuelo.net/gasstation/id/1305?lang=bg,2.94 лв/л.(kw/h),2.47 лв/л.(kw/h),None,None,2.85 лв/л.(kw/h),None,None,None,None,"https://www.google.com/maps/dir/?api=1&destination=42.656490,23.401703&travelmode=driving"
 Petrol 7151 София: Симеоновско шосе,бул. Симеоновско шосе (срещу х-л Амбасадор),https://bg.fuelo.net/gasstation/id/1306?lang=bg,3.03 лв/л.(kw/h),2.67 лв/л.(kw/h),None,None,3.07 лв/л.(kw/h),3.37 лв/л.(kw/h),None,3.03 лв/л.(kw/h),1.23 лв/л.(kw/h),"https://www.google.com/maps/dir/?api=1&destination=42.636799,23.334499&travelmode=driving"
 Petrol 7152 София: Моста Чавдар,бул. Данаил Николаев (моста Чавдар),https://bg.fuelo.net/gasstation/id/1307?lang=bg,3.02 лв/л.(kw/h),2.66 лв/л.(kw/h),None,None,3.01 лв/л.(kw/h),3.31 лв/л.(kw/h),None,None,1.22 лв/л.(kw/h),"https://www.google.com/maps/dir/?api=1&destination=42.699299,23.345200&travelmode=driving"
 Petrol 7154 София: Хладилника,ул. Сребърна №21,https://bg.fuelo.net/gasstation/id/1408?lang=bg,3.02 лв/л.(kw/h),2.67 лв/л.(kw/h),None,None,3.08 лв/л.(kw/h),None,None,None,1.22 лв/л.(kw/h),"https://www.google.com/maps/dir/?api=1&destination=42.659698,23.322701&travelmode=driving"
 Petrol 7101 София: Ломско шосе,бул. Ломско шосе (изход от София),https://bg.fuelo.net/gasstation/id/1277?lang=bg,3.03 лв/л.(kw/h),2.67 лв/л.(kw/h),None,None,3.02 лв/л.(kw/h),3.32 лв/л.(kw/h),None,None,1.21 лв/л.(kw/h),"https://www.google.com/maps/dir/?api=1&destination=42.743652,23.284431&travelmode=driving"
 Petrol 7102 София: Пирогов,до Пирогов,https://bg.fuelo.net/gasstation/id/1278?lang=bg,None,2.66 лв/л.(kw/h),None,None,3.02 лв/л.(kw/h),3.32 лв/л.(kw/h),None,None,None,"https://www.google.com/maps/dir/?api=1&destination=42.689899,23.306601&travelmode=driving"
 FullCharger София 001,пл. Народно събрание №1,https://bg.fuelo.net/gasstation/id/1467?lang=bg,None,None,None,None,None,None,0.00 лв/л.(kw/h),None,None,"https://www.google.com/maps/dir/?api=1&destination=42.693699,23.332001&travelmode=driving"
 FullCharger София 002,пл. Александър Невски,https://bg.fuelo.net/gasstation/id/1468?lang=bg,None,None,None,None,None,None,0.00 лв/л.(kw/h),None,None,"https://www.google.com/maps/dir/?api=1&destination=42.696201,23.332300&travelmode=driving"
 FullCharger София 003,ул. Московска,https://bg.fuelo.net/gasstation/id/1469?lang=bg,None,None,None,None,None,None,0.00 лв/л.(kw/h),None,None,"https://www.google.com/maps/dir/?api=1&destination=42.696758,23.331341&travelmode=driving"
 FullCharger София 004,ул. Княз Александър Батенберг,https://bg.fuelo.net/gasstation/id/1470?lang=bg,None,None,None,None,None,None,0.00 лв/л.(kw/h),None,None,"https://www.google.com/maps/dir/?api=1&destination=42.695202,23.324699&travelmode=driving"
 FullCharger София 005,ул. Александър Стамболийски №21,https://bg.fuelo.net/gasstation/id/1471?lang=bg,None,None,None,None,None,None,0.00 лв/л.(kw/h),None,None,"https://www.google.com/maps/dir/?api=1&destination=42.696999,23.319700&travelmode=driving"
 FullCharger София 006,ул. Александър Стамболийски,https://bg.fuelo.net/gasstation/id/1472?lang=bg,None,None,None,None,None,None,0.00 лв/л.(kw/h),None,None,"https://www.google.com/maps/dir/?api=1&destination=42.698101,23.312000&travelmode=driving"
 FullCharger София 007,пл. Македония,https://bg.fuelo.net/gasstation/id/1473?lang=bg,None,None,None,None,None,None,0.00 лв/л.(kw/h),None,None,"https://www.google.com/maps/dir/?api=1&destination=42.694599,23.315701&travelmode=driving"
 FullCharger София 008,ул. Триадица,https://bg.fuelo.net/gasstation/id/1474?lang=bg,None,None,None,None,None,None,0.00 лв/л.(kw/h),None,None,"https://www.google.com/maps/dir/?api=1&destination=42.698700,23.325199&travelmode=driving"
 FullCharger София 009, ул. Славянска №8,https://bg.fuelo.net/gasstation/id/1475?lang=bg,None,None,None,None,None,None,0.00 лв/л.(kw/h),None,None,"https://www.google.com/maps/dir/?api=1&destination=42.693199,23.328699&travelmode=driving"
 FullCharger България 03,ул. Генерал Йосиф В. Гурко №34,https://bg.fuelo.net/gasstation/id/1476?lang=bg,None,None,None,None,None,None,0.00 лв/л.(kw/h),None,None,"https://www.google.com/maps/dir/?api=1&destination=42.691200,23.329000&travelmode=driving"
 A1 Eco Студентски град,бул. Свети Климент Охридски №16,https://bg.fuelo.net/gasstation/id/1482?lang=bg,None,None,None,None,None,None,0.00 лв/л.(kw/h),None,None,"https://www.google.com/maps/dir/?api=1&destination=42.647800,23.355700&travelmode=driving"
 A1 Eco Solar Charge IEC,бул. Цариградско шосе №147,https://bg.fuelo.net/gasstation/id/1483?lang=bg,None,None,None,None,None,None,0.00 лв/л.(kw/h),None,None,"https://www.google.com/maps/dir/?api=1&destination=42.649284,23.394558&travelmode=driving"
 Gazprom София - Черен кос,бул. Цар Борис III №509,https://bg.fuelo.net/gasstation/id/582?lang=bg,2.95 лв/л.(kw/h),2.69 лв/л.(kw/h),None,None,3.04 лв/л.(kw/h),3.26 лв/л.(kw/h),None,None,1.21 лв/л.(kw/h),"https://www.google.com/maps/dir/?api=1&destination=42.649258,23.214113&travelmode=driving"
 Gazprom Цариградско шосе,бул. Цариградско шосе №355,https://bg.fuelo.net/gasstation/id/1703?lang=bg,3.00 лв/л.(kw/h),2.75 лв/л.(kw/h),None,None,3.12 лв/л.(kw/h),3.32 лв/л.(kw/h),None,None,1.24 лв/л.(kw/h),"https://www.google.com/maps/dir/?api=1&destination=42.638599,23.413000&travelmode=driving"
 Gazprom Цветан Лазаров,бул. Цветан Лазаров,https://bg.fuelo.net/gasstation/id/1768?lang=bg,3.02 лв/л.(kw/h),2.66 лв/л.(kw/h),None,None,3.04 лв/л.(kw/h),3.27 лв/л.(kw/h),None,None,1.21 лв/л.(kw/h),"https://www.google.com/maps/dir/?api=1&destination=42.668640,23.384169&travelmode=driving"
 Dieselor Дружба,"жк. Дружба 1, ул. Амстердам №4",https://bg.fuelo.net/gasstation/id/1559?lang=bg,None,2.51 лв/л.(kw/h),None,None,2.88 лв/л.(kw/h),2.98 лв/л.(kw/h),None,None,None,"https://www.google.com/maps/dir/?api=1&destination=42.656200,23.406500&travelmode=driving"
 Круиз Слатина,бул. Асен Йорданов №4А,https://bg.fuelo.net/gasstation/id/1653?lang=bg,2.86 лв/л.(kw/h),2.56 лв/л.(kw/h),None,None,2.90 лв/л.(kw/h),None,None,None,None,"https://www.google.com/maps/dir/?api=1&destination=42.674099,23.379999&travelmode=driving"
 Круиз Гео Милев,ул. Гео Милев №71,https://bg.fuelo.net/gasstation/id/1654?lang=bg,2.86 лв/л.(kw/h),2.56 лв/л.(kw/h),None,None,2.90 лв/л.(kw/h),None,None,None,None,"https://www.google.com/maps/dir/?api=1&destination=42.682190,23.368454&travelmode=driving"
 Круиз Първа Българска Армия,ул. Първа Българска Армия №90А,https://bg.fuelo.net/gasstation/id/1737?lang=bg,2.86 лв/л.(kw/h),2.56 лв/л.(kw/h),None,None,2.90 лв/л.(kw/h),None,None,None,None,"https://www.google.com/maps/dir/?api=1&destination=42.711838,23.344263&travelmode=driving"
  Метагаз,бул. Ботевградско шосе №1 и ул. Скъта,https://bg.fuelo.net/gasstation/id/1614?lang=bg,None,None,None,None,None,None,None,None,2.69 лв/л.(kw/h),"https://www.google.com/maps/dir/?api=1&destination=42.698174,23.361818&travelmode=driving"
  Метагаз,ул. Първа Българска Армия и ул. Малашевска,https://bg.fuelo.net/gasstation/id/1616?lang=bg,None,None,None,None,None,None,None,None,2.69 лв/л.(kw/h),"https://www.google.com/maps/dir/?api=1&destination=42.712799,23.343000&travelmode=driving"
  Корал,ул. 3019-та,https://bg.fuelo.net/gasstation/id/1635?lang=bg,None,None,None,None,None,None,None,None,1.11 лв/л.(kw/h),"https://www.google.com/maps/dir/?api=1&destination=42.721375,23.282063&travelmode=driving"
  Газтранс,ул. Житница №33 (ж.к. Овча купел ),https://bg.fuelo.net/gasstation/id/1636?lang=bg,None,None,None,None,None,None,None,None,2.69 лв/л.(kw/h),"https://www.google.com/maps/dir/?api=1&destination=42.687199,23.271999&travelmode=driving"
  Екометан София,бул. Никола Мушанов №120,https://bg.fuelo.net/gasstation/id/1637?lang=bg,None,None,None,None,None,None,None,None,2.69 лв/л.(kw/h),"https://www.google.com/maps/dir/?api=1&destination=42.686516,23.274595&travelmode=driving"
  Метагаз,бул. Илиянци и ул. Проф. Иван Георгов,https://bg.fuelo.net/gasstation/id/1638?lang=bg,None,None,None,None,None,None,None,None,2.64 лв/л.(kw/h),"https://www.google.com/maps/dir/?api=1&destination=42.737598,23.326200&travelmode=driving"
  Метан,ул. 202-ра №4,https://bg.fuelo.net/gasstation/id/1639?lang=bg,None,None,None,None,None,None,None,None,2.69 лв/л.(kw/h),"https://www.google.com/maps/dir/?api=1&destination=42.714699,23.327200&travelmode=driving"
  Тенекс-С,ул. Капитан Любен Кондаков,https://bg.fuelo.net/gasstation/id/1641?lang=bg,None,None,None,None,None,None,None,None,3.50 лв/л.(kw/h),"https://www.google.com/maps/dir/?api=1&destination=42.649502,23.421301&travelmode=driving"
  Метагаз,бул. Александър Малинов,https://bg.fuelo.net/gasstation/id/1901?lang=bg,None,None,None,None,None,None,None,None,2.69 лв/л.(kw/h),"https://www.google.com/maps/dir/?api=1&destination=42.650135,23.378511&travelmode=driving"
  Ивяни-Газ,бул. Лазар Михайлов №31,https://bg.fuelo.net/gasstation/id/2048?lang=bg,None,2.53 лв/л.(kw/h),None,None,2.96 лв/л.(kw/h),None,None,1.12 лв/л.(kw/h),None,"https://www.google.com/maps/dir/?api=1&destination=42.734402,23.343124&travelmode=driving"
  Pit Stop,мотел Божур,https://bg.fuelo.net/gasstation/id/1284?lang=bg,3.02 лв/л.(kw/h),2.38 лв/л.(kw/h),None,None,2.89 лв/л.(kw/h),3.35 лв/л.(kw/h),None,1.13 лв/л.(kw/h),None,"https://www.google.com/maps/dir/?api=1&destination=42.747490,23.226963&travelmode=driving"
  Admiral Oil,до митница Кремиковци,https://bg.fuelo.net/gasstation/id/2822?lang=bg,None,2.54 лв/л.(kw/h),None,None,2.92 лв/л.(kw/h),None,None,1.15 лв/л.(kw/h),None,"https://www.google.com/maps/dir/?api=1&destination=42.751293,23.499256&travelmode=driving"
  Makoil,ул. Костенски водопад,https://bg.fuelo.net/gasstation/id/1804?lang=bg,None,2.60 лв/л.(kw/h),None,None,2.95 лв/л.(kw/h),None,None,1.19 лв/л.(kw/h),None,"https://www.google.com/maps/dir/?api=1&destination=42.661800,23.295099&travelmode=driving"
  Адмирал ойл,ул. Дамян Груев №7,https://bg.fuelo.net/gasstation/id/1806?lang=bg,None,2.58 лв/л.(kw/h),None,None,2.92 лв/л.(kw/h),None,None,None,None,"https://www.google.com/maps/dir/?api=1&destination=42.695606,23.312824&travelmode=driving"
  ГТП АУТО ГРУП,ул. Иван Георгов №10А,https://bg.fuelo.net/gasstation/id/65046?lang=bg,None,None,None,None,2.99 лв/л.(kw/h),None,None,None,None,"https://www.google.com/maps/dir/?api=1&destination=42.735699,23.332600&travelmode=driving"
  BLCS EFIX FUEL SOFIYA,ул. Малашевска 8,https://bg.fuelo.net/gasstation/id/55072?lang=bg,None,2.39 лв/л.(kw/h),None,None,2.77 лв/л.(kw/h),None,None,None,None,"https://www.google.com/maps/dir/?api=1&destination=42.711388,23.339344&travelmode=driving"
  Евро Петрол 7,ул. Суходолска 189,https://bg.fuelo.net/gasstation/id/2085?lang=bg,None,2.56 лв/л.(kw/h),None,None,2.93 лв/л.(kw/h),None,None,None,None,"https://www.google.com/maps/dir/?api=1&destination=42.691467,23.234961&travelmode=driving"
  Евротрейд 2000,ул. Ефрем Каранфилов №12,https://bg.fuelo.net/gasstation/id/63811?lang=bg,None,2.45 лв/л.(kw/h),None,None,2.81 лв/л.(kw/h),None,None,None,None,"https://www.google.com/maps/dir/?api=1&destination=42.737034,23.260319&travelmode=driving"
  Алпи ойл,ж.к. Ботунец,https://bg.fuelo.net/gasstation/id/62532?lang=bg,None,2.55 лв/л.(kw/h),None,None,2.88 лв/л.(kw/h),None,None,1.17 лв/л.(kw/h),None,"https://www.google.com/maps/dir/?api=1&destination=42.738499,23.506201&travelmode=driving"
  КОБРА,ул. Чепинско шосе №44,https://bg.fuelo.net/gasstation/id/59979?lang=bg,None,None,None,None,2.85 лв/л.(kw/h),None,None,None,None,"https://www.google.com/maps/dir/?api=1&destination=42.732101,23.388901&travelmode=driving"
  Мегахим-02,ул. Константин Стоилов,https://bg.fuelo.net/gasstation/id/2125?lang=bg,None,2.51 лв/л.(kw/h),None,None,2.89 лв/л.(kw/h),None,None,None,None,"https://www.google.com/maps/dir/?api=1&destination=42.707272,23.332397&travelmode=driving"
  ВАГЕРКРАВ ПЕТРОЛИУМ,ул. Петър Панайотов №12,https://bg.fuelo.net/gasstation/id/63824?lang=bg,None,2.35 лв/л.(kw/h),None,None,2.68 лв/л.(kw/h),None,None,1.08 лв/л.(kw/h),None,"https://www.google.com/maps/dir/?api=1&destination=42.741371,23.308613&travelmode=driving"
  Бент Ойл София,ул. Коломан №1,https://bg.fuelo.net/gasstation/id/1878?lang=bg,None,2.59 лв/л.(kw/h),None,3.10 лв/л.(kw/h),3.00 лв/л.(kw/h),None,None,1.22 лв/л.(kw/h),None,"https://www.google.com/maps/dir/?api=1&destination=42.674503,23.270239&travelmode=driving"
  SVoil,ул. Река Велека №8,https://bg.fuelo.net/gasstation/id/1879?lang=bg,None,2.41 лв/л.(kw/h),None,None,2.76 лв/л.(kw/h),None,None,None,None,"https://www.google.com/maps/dir/?api=1&destination=42.704380,23.359348&travelmode=driving"
  ВК5,ул. Йосиф Щросмайер,https://bg.fuelo.net/gasstation/id/1880?lang=bg,None,2.64 лв/л.(kw/h),None,None,2.97 лв/л.(kw/h),None,None,None,None,"https://www.google.com/maps/dir/?api=1&destination=42.714565,23.297707&travelmode=driving"
  Petrolprom,бул. Св. Климент Охридски №65А,https://bg.fuelo.net/gasstation/id/2142?lang=bg,None,2.43 лв/л.(kw/h),None,None,2.82 лв/л.(kw/h),None,None,None,None,"https://www.google.com/maps/dir/?api=1&destination=42.639339,23.354225&travelmode=driving"
  Нади,Промишлена зона Челопечене,https://bg.fuelo.net/gasstation/id/2143?lang=bg,None,2.69 лв/л.(kw/h),None,None,2.92 лв/л.(kw/h),None,None,1.19 лв/л.(kw/h),None,"https://www.google.com/maps/dir/?api=1&destination=42.737404,23.469135&travelmode=driving"
  Petrolium oil,ул. Бойчо Бойчев №97,https://bg.fuelo.net/gasstation/id/1902?lang=bg,None,2.57 лв/л.(kw/h),None,None,2.89 лв/л.(kw/h),None,None,None,None,"https://www.google.com/maps/dir/?api=1&destination=42.687435,23.232023&travelmode=driving"
  Racing Oil 2,ул. Обелско шосе,https://bg.fuelo.net/gasstation/id/1925?lang=bg,None,2.47 лв/л.(kw/h),None,None,2.90 лв/л.(kw/h),None,None,1.14 лв/л.(kw/h),None,"https://www.google.com/maps/dir/?api=1&destination=42.730019,23.259321&travelmode=driving"
  София Газ,ул. Поп Грую,https://bg.fuelo.net/gasstation/id/1927?lang=bg,None,2.38 лв/л.(kw/h),None,None,2.74 лв/л.(kw/h),None,None,1.08 лв/л.(kw/h),None,"https://www.google.com/maps/dir/?api=1&destination=42.709290,23.380569&travelmode=driving"
  M J Petroleum,бул. Илиянци,https://bg.fuelo.net/gasstation/id/1928?lang=bg,None,2.56 лв/л.(kw/h),None,None,2.89 лв/л.(kw/h),None,None,1.20 лв/л.(kw/h),None,"https://www.google.com/maps/dir/?api=1&destination=42.733700,23.322500&travelmode=driving"
  Racing Oil,ул. 5001 №12 (ж.к. Дружба 1),https://bg.fuelo.net/gasstation/id/1929?lang=bg,None,2.59 лв/л.(kw/h),None,None,2.96 лв/л.(kw/h),None,None,None,None,"https://www.google.com/maps/dir/?api=1&destination=42.670998,23.398050&travelmode=driving"
  Petrol Oil,бул. Европа №79 (ж.к. Люлин),https://bg.fuelo.net/gasstation/id/1930?lang=bg,None,2.51 лв/л.(kw/h),None,None,2.89 лв/л.(kw/h),None,None,None,None,"https://www.google.com/maps/dir/?api=1&destination=42.723816,23.266935&travelmode=driving"
  Комплекс Кристал,бул. Ломско шосе №207,https://bg.fuelo.net/gasstation/id/1931?lang=bg,2.96 лв/л.(kw/h),2.40 лв/л.(kw/h),None,None,2.76 лв/л.(kw/h),None,None,1.14 лв/л.(kw/h),None,"https://www.google.com/maps/dir/?api=1&destination=42.744068,23.282976&travelmode=driving"
  ЕКО ОЙЛ,ул. Филиповско шосе №786,https://bg.fuelo.net/gasstation/id/1932?lang=bg,None,2.40 лв/л.(kw/h),None,None,2.74 лв/л.(kw/h),None,None,1.18 лв/л.(kw/h),None,"https://www.google.com/maps/dir/?api=1&destination=42.718544,23.235735&travelmode=driving"
  Волф,бул. Цариградско шосе,https://bg.fuelo.net/gasstation/id/1934?lang=bg,None,2.65 лв/л.(kw/h),None,None,3.03 лв/л.(kw/h),None,None,None,None,"https://www.google.com/maps/dir/?api=1&destination=42.637600,23.413700&travelmode=driving"
  Пегас,ул. Бойчо Бойчев,https://bg.fuelo.net/gasstation/id/1425?lang=bg,None,2.43 лв/л.(kw/h),None,None,2.92 лв/л.(kw/h),None,None,None,None,"https://www.google.com/maps/dir/?api=1&destination=42.691322,23.230505&travelmode=driving"
  Дато,бул. Европа №132,https://bg.fuelo.net/gasstation/id/2706?lang=bg,None,2.62 лв/л.(kw/h),None,None,2.99 лв/л.(kw/h),None,None,None,None,"https://www.google.com/maps/dir/?api=1&destination=42.731247,23.254360&travelmode=driving"
  Алекс 333,бул. Президент Линкълн,https://bg.fuelo.net/gasstation/id/1943?lang=bg,None,2.38 лв/л.(kw/h),None,None,2.75 лв/л.(kw/h),None,None,1.11 лв/л.(kw/h),None,"https://www.google.com/maps/dir/?api=1&destination=42.683674,23.240582&travelmode=driving"
  Теком,бул. Владимир Вазов (кв. Левски Г 402),https://bg.fuelo.net/gasstation/id/1434?lang=bg,None,2.57 лв/л.(kw/h),None,None,2.99 лв/л.(kw/h),None,None,1.12 лв/л.(kw/h),None,"https://www.google.com/maps/dir/?api=1&destination=42.709171,23.393646&travelmode=driving"
  Bardahl,бул. Царица Йоанна №10,https://bg.fuelo.net/gasstation/id/1991?lang=bg,None,2.52 лв/л.(kw/h),None,None,2.84 лв/л.(kw/h),3.03 лв/л.(kw/h),None,None,None,"https://www.google.com/maps/dir/?api=1&destination=42.709743,23.272650&travelmode=driving"
  K & K OIL,"кв. Илиянци, ул. Складова база №1 - Химснаб",https://bg.fuelo.net/gasstation/id/63956?lang=bg,None,2.49 лв/л.(kw/h),None,None,2.75 лв/л.(kw/h),None,None,None,None,"https://www.google.com/maps/dir/?api=1&destination=42.756901,23.326515&travelmode=driving"
  NPC,ул. Лазар Михайлов,https://bg.fuelo.net/gasstation/id/2774?lang=bg,None,2.53 лв/л.(kw/h),None,None,2.93 лв/л.(kw/h),None,None,1.16 лв/л.(kw/h),None,"https://www.google.com/maps/dir/?api=1&destination=42.730804,23.344107&travelmode=driving"
  L.P. Oil,ул. Железопътна,https://bg.fuelo.net/gasstation/id/2775?lang=bg,None,2.63 лв/л.(kw/h),None,None,2.99 лв/л.(kw/h),None,None,None,None,"https://www.google.com/maps/dir/?api=1&destination=42.722446,23.343227&travelmode=driving"
  Л.П. Ойл,ул. Никола Зозиков,https://bg.fuelo.net/gasstation/id/59353?lang=bg,None,2.63 лв/л.(kw/h),None,None,2.89 лв/л.(kw/h),None,None,None,None,"https://www.google.com/maps/dir/?api=1&destination=42.754002,23.275999&travelmode=driving"
  Юмекс Петролиум,бул. Ломско шосе,https://bg.fuelo.net/gasstation/id/2017?lang=bg,None,2.46 лв/л.(kw/h),None,None,2.87 лв/л.(kw/h),None,None,1.14 лв/л.(kw/h),None,"https://www.google.com/maps/dir/?api=1&destination=42.754204,23.273075&travelmode=driving"
  ALPI София,ул. цар Симеон,https://bg.fuelo.net/gasstation/id/54778?lang=bg,None,2.43 лв/л.(kw/h),None,None,2.79 лв/л.(kw/h),None,None,None,None,"https://www.google.com/maps/dir/?api=1&destination=42.704300,23.302401&travelmode=driving"
  Union Gas,ул. Самоковско шосе,https://bg.fuelo.net/gasstation/id/2065?lang=bg,None,None,None,None,None,None,None,None,1.14 лв/л.(kw/h),"https://www.google.com/maps/dir/?api=1&destination=42.634308,23.409224&travelmode=driving"
  Газстанция,бул. Никола Мушанов,https://bg.fuelo.net/gasstation/id/2105?lang=bg,None,None,None,None,None,None,None,None,1.14 лв/л.(kw/h),"https://www.google.com/maps/dir/?api=1&destination=42.688942,23.276165&travelmode=driving"
  Ради газ,бул. д-р Петър Дертлиев,https://bg.fuelo.net/gasstation/id/63801?lang=bg,None,None,None,None,None,None,None,None,1.18 лв/л.(kw/h),"https://www.google.com/maps/dir/?api=1&destination=42.710220,23.242846&travelmode=driving"
  NPC,ул. Хенрик Ибсен,https://bg.fuelo.net/gasstation/id/43629?lang=bg,None,None,None,None,None,None,None,None,1.14 лв/л.(kw/h),"https://www.google.com/maps/dir/?api=1&destination=42.659054,23.305847&travelmode=driving"
  Sorti gas,ул. Хан Кубрат №7,https://bg.fuelo.net/gasstation/id/61570?lang=bg,None,None,None,None,None,None,None,None,1.16 лв/л.(kw/h),"https://www.google.com/maps/dir/?api=1&destination=42.723835,23.293762&travelmode=driving"
  Vitogaz,ул. Самоковско шосе,https://bg.fuelo.net/gasstation/id/1933?lang=bg,None,None,None,None,None,None,None,None,1.23 лв/л.(kw/h),"https://www.google.com/maps/dir/?api=1&destination=42.621983,23.404451&travelmode=driving"
  West gas,ул. Самоковско шосе №167,https://bg.fuelo.net/gasstation/id/1690?lang=bg,None,None,None,None,None,None,None,None,1.17 лв/л.(kw/h),"https://www.google.com/maps/dir/?api=1&destination=42.611980,23.399775&travelmode=driving"
  Газстанция,ул. Резбарска,https://bg.fuelo.net/gasstation/id/64933?lang=bg,None,None,None,None,None,None,None,None,1.13 лв/л.(kw/h),"https://www.google.com/maps/dir/?api=1&destination=42.711800,23.355900&travelmode=driving"
  Авто Газ,ул. Клокотница,https://bg.fuelo.net/gasstation/id/59330?lang=bg,None,None,None,None,2.88 лв/л.(kw/h),None,None,None,1.18 лв/л.(kw/h),"https://www.google.com/maps/dir/?api=1&destination=42.708698,23.325701&travelmode=driving"
  Витито,ул. Източна тангента,https://bg.fuelo.net/gasstation/id/2531?lang=bg,None,None,None,None,None,None,None,None,1.32 лв/л.(kw/h),"https://www.google.com/maps/dir/?api=1&destination=42.700096,23.387651&travelmode=driving"
 Power Oil София,ул. Илинденско въстание №15,https://bg.fuelo.net/gasstation/id/1702?lang=bg,None,2.65 лв/л.(kw/h),None,None,2.89 лв/л.(kw/h),None,None,None,None,"https://www.google.com/maps/dir/?api=1&destination=42.730801,23.297300&travelmode=driving"
 Go Petroleum Житница,ул. Житница №23,https://bg.fuelo.net/gasstation/id/1881?lang=bg,None,2.45 лв/л.(kw/h),None,None,2.81 лв/л.(kw/h),None,None,None,None,"https://www.google.com/maps/dir/?api=1&destination=42.683704,23.276924&travelmode=driving"
 Go Petroleum Студентски град,ул. акад. Стефан Младенов №16,https://bg.fuelo.net/gasstation/id/1986?lang=bg,None,2.59 лв/л.(kw/h),None,None,2.90 лв/л.(kw/h),None,None,None,None,"https://www.google.com/maps/dir/?api=1&destination=42.650055,23.346933&travelmode=driving"
 Бенита 14 София,бул. Европа №171 (ж.к. Люлин),https://bg.fuelo.net/gasstation/id/1634?lang=bg,None,2.66 лв/л.(kw/h),None,None,2.89 лв/л.(kw/h),3.03 лв/л.(kw/h),None,1.14 лв/л.(kw/h),3.42 лв/л.(kw/h),"https://www.google.com/maps/dir/?api=1&destination=42.729767,23.256170&travelmode=driving"
 Бенита 12 - София,ул. Самоковско шосе №1Ж,https://bg.fuelo.net/gasstation/id/1694?lang=bg,2.80 лв/л.(kw/h),2.57 лв/л.(kw/h),None,None,2.97 лв/л.(kw/h),3.08 лв/л.(kw/h),None,1.16 лв/л.(kw/h),None,"https://www.google.com/maps/dir/?api=1&destination=42.642601,23.402201&travelmode=driving"
 InterSpeed Модерно предградие,ул. 3019 №1,https://bg.fuelo.net/gasstation/id/2821?lang=bg,None,2.54 лв/л.(kw/h),None,None,2.86 лв/л.(kw/h),None,None,None,None,"https://www.google.com/maps/dir/?api=1&destination=42.721970,23.285326&travelmode=driving"
 InterSpeed Театър София,ул. Силистра №8,https://bg.fuelo.net/gasstation/id/1288?lang=bg,2.84 лв/л.(kw/h),2.50 лв/л.(kw/h),None,None,2.84 лв/л.(kw/h),None,None,None,None,"https://www.google.com/maps/dir/?api=1&destination=42.698601,23.346001&travelmode=driving"
 InterSpeed Ботевградско шосе,бул. Ботевградско шосе №2857,https://bg.fuelo.net/gasstation/id/1293?lang=bg,None,2.55 лв/л.(kw/h),None,None,2.90 лв/л.(kw/h),2.92 лв/л.(kw/h),None,None,1.14 лв/л.(kw/h),"https://www.google.com/maps/dir/?api=1&destination=42.708874,23.428160&travelmode=driving"
 InterSpeed Красна Поляна,ул. Методи Кусевич №1,https://bg.fuelo.net/gasstation/id/1297?lang=bg,None,2.51 лв/л.(kw/h),None,None,2.89 лв/л.(kw/h),None,None,None,None,"https://www.google.com/maps/dir/?api=1&destination=42.696499,23.281300&travelmode=driving"
 InterSpeed Орландовци,бул. Първа българска армия №56,https://bg.fuelo.net/gasstation/id/1299?lang=bg,2.85 лв/л.(kw/h),2.48 лв/л.(kw/h),None,None,2.86 лв/л.(kw/h),2.90 лв/л.(kw/h),None,None,None,"https://www.google.com/maps/dir/?api=1&destination=42.720680,23.332958&travelmode=driving"
 InterSpeed Дружба,ул. Асен Йорданов №13,https://bg.fuelo.net/gasstation/id/1301?lang=bg,2.83 лв/л.(kw/h),2.53 лв/л.(kw/h),None,None,2.90 лв/л.(kw/h),2.92 лв/л.(kw/h),None,None,1.14 лв/л.(kw/h),"https://www.google.com/maps/dir/?api=1&destination=42.672501,23.391800&travelmode=driving"
 InterSpeed Слатина,ул. Боян Магесник №100,https://bg.fuelo.net/gasstation/id/1303?lang=bg,2.83 лв/л.(kw/h),2.54 лв/л.(kw/h),None,None,2.87 лв/л.(kw/h),None,None,None,1.13 лв/л.(kw/h),"https://www.google.com/maps/dir/?api=1&destination=42.686676,23.376602&travelmode=driving"
 InterSpeed Обеля,ул. Академик Дмитрий Лихачов №29,https://bg.fuelo.net/gasstation/id/1617?lang=bg,2.77 лв/л.(kw/h),2.45 лв/л.(kw/h),None,None,2.77 лв/л.(kw/h),None,None,2.89 лв/л.(kw/h),1.14 лв/л.(kw/h),"https://www.google.com/maps/dir/?api=1&destination=42.743099,23.274200&travelmode=driving"
 InterSpeed Надежда,ул. Бели Дунав №47,https://bg.fuelo.net/gasstation/id/1701?lang=bg,3.02 лв/л.(kw/h),2.47 лв/л.(kw/h),None,None,2.82 лв/л.(kw/h),None,None,None,1.15 лв/л.(kw/h),"https://www.google.com/maps/dir/?api=1&destination=42.737202,23.296900&travelmode=driving"
 InterSpeed Люлин,ул. Ген. Асен Николов №21,https://bg.fuelo.net/gasstation/id/58814?lang=bg,None,2.47 лв/л.(kw/h),None,None,2.82 лв/л.(kw/h),None,None,None,1.14 лв/л.(kw/h),"https://www.google.com/maps/dir/?api=1&destination=42.717098,23.261200&travelmode=driving"
 InterSpeed Младост,ул. инж. Георги Белов №2,https://bg.fuelo.net/gasstation/id/2012?lang=bg,None,2.58 лв/л.(kw/h),None,None,2.97 лв/л.(kw/h),2.96 лв/л.(kw/h),None,3.42 лв/л.(kw/h),1.14 лв/л.(kw/h),"https://www.google.com/maps/dir/?api=1&destination=42.638485,23.396025&travelmode=driving"
 VM Petroleum София,ул. Околовръстен път №811,https://bg.fuelo.net/gasstation/id/55069?lang=bg,2.95 лв/л.(kw/h),2.45 лв/л.(kw/h),None,None,2.77 лв/л.(kw/h),None,None,None,1.14 лв/л.(kw/h),"https://www.google.com/maps/dir/?api=1&destination=42.721699,23.238100&travelmode=driving"
 CHIMOIL София,бул проф. Цветан Лазаров №13 (тържище Слатина-Булгарплод),https://bg.fuelo.net/gasstation/id/54777?lang=bg,None,2.69 лв/л.(kw/h),None,None,2.97 лв/л.(kw/h),None,None,None,None,"https://www.google.com/maps/dir/?api=1&destination=42.676819,23.384041&travelmode=driving"
 Tesla Sofia Paradise Center,бул. Черни връх №100,https://bg.fuelo.net/gasstation/id/64981?lang=bg,None,None,None,None,None,None,0.00 лв/л.(kw/h),None,None,"https://www.google.com/maps/dir/?api=1&destination=42.657734,23.313719&travelmode=driving"
 Insa Oil София,бул. Цариградско шосе №62,https://bg.fuelo.net/gasstation/id/1708?lang=bg,3.03 лв/л.(kw/h),2.55 лв/л.(kw/h),None,None,None,2.97 лв/л.(kw/h),None,None,1.17 лв/л.(kw/h),"https://www.google.com/maps/dir/?api=1&destination=42.657501,23.383301&travelmode=driving"
 Топливо Требич,ул. Латин Колев 1,https://bg.fuelo.net/gasstation/id/59993?lang=bg,None,2.67 лв/л.(kw/h),None,None,3.02 лв/л.(kw/h),None,None,None,None,"https://www.google.com/maps/dir/?api=1&destination=42.777500,23.315100&travelmode=driving"
 Топливо Дружба,"ж.к. Дружба 2, бул. Проф. Цв. Лазаров",https://bg.fuelo.net/gasstation/id/1496?lang=bg,3.05 лв/л.(kw/h),2.62 лв/л.(kw/h),None,None,2.98 лв/л.(kw/h),None,None,None,0.99 лв/л.(kw/h),"https://www.google.com/maps/dir/?api=1&destination=42.655025,23.400839&travelmode=driving"
 Топливо SNG Овча купел,"ж.к. Овча купел 2, ул. Обиколна и ул. Промишлена",https://bg.fuelo.net/gasstation/id/1500?lang=bg,None,2.65 лв/л.(kw/h),None,None,3.02 лв/л.(kw/h),None,None,None,1.17 лв/л.(kw/h),"https://www.google.com/maps/dir/?api=1&destination=42.689301,23.249300&travelmode=driving"
 Топливо SNG Враждебна,бул. Владимир Вазов №89 (кв. Враждебна),https://bg.fuelo.net/gasstation/id/1503?lang=bg,3.05 лв/л.(kw/h),2.54 лв/л.(kw/h),None,None,2.93 лв/л.(kw/h),None,0.78 лв/л.(kw/h),None,1.14 лв/л.(kw/h),"https://www.google.com/maps/dir/?api=1&destination=42.709316,23.398258&travelmode=driving"
 Топливо Княжево,бул. Цар Борис III №424,https://bg.fuelo.net/gasstation/id/2016?lang=bg,None,2.60 лв/л.(kw/h),None,None,2.89 лв/л.(kw/h),None,None,None,1.11 лв/л.(kw/h),"https://www.google.com/maps/dir/?api=1&destination=42.651192,23.218571&travelmode=driving"
 iGas Манастирски ливади,ул. Тодор Каблешков,https://bg.fuelo.net/gasstation/id/1876?lang=bg,None,None,None,None,None,None,None,None,1.17 лв/л.(kw/h),"https://www.google.com/maps/dir/?api=1&destination=42.667480,23.280899&travelmode=driving"
 iGas Люлин 1,ул. 109-та,https://bg.fuelo.net/gasstation/id/1896?lang=bg,None,None,None,None,None,None,None,None,1.12 лв/л.(kw/h),"https://www.google.com/maps/dir/?api=1&destination=42.727840,23.258549&travelmode=driving"
 iGas Люлин 7,бул. Д-р Петър Дертлиев (срещу блок 737),https://bg.fuelo.net/gasstation/id/64130?lang=bg,None,None,None,None,None,None,None,None,1.11 лв/л.(kw/h),"https://www.google.com/maps/dir/?api=1&destination=42.709400,23.260401&travelmode=driving"
 Еко Петрол 7,бул. Цариградско шосе (вход от Пловдив),https://bg.fuelo.net/gasstation/id/1292?lang=bg,2.96 лв/л.(kw/h),2.51 лв/л.(kw/h),None,None,2.89 лв/л.(kw/h),None,None,None,None,"https://www.google.com/maps/dir/?api=1&destination=42.643356,23.402872&travelmode=driving"
 Еко Петрол 3,ул. Гюешево №80,https://bg.fuelo.net/gasstation/id/2064?lang=bg,2.96 лв/л.(kw/h),2.51 лв/л.(kw/h),None,None,2.87 лв/л.(kw/h),None,None,None,None,"https://www.google.com/maps/dir/?api=1&destination=42.692429,23.295425&travelmode=driving"
 Еко Петрол 1,бул. Цариградско шосе №164 (база на Хидрострой),https://bg.fuelo.net/gasstation/id/59982?lang=bg,None,2.45 лв/л.(kw/h),None,None,2.81 лв/л.(kw/h),None,None,None,None,"https://www.google.com/maps/dir/?api=1&destination=42.632900,23.417801&travelmode=driving"
 Еко Петрол 2,ул. Кукуш №1 (базата на ЩРАБАГ или бившия Инжстрой),https://bg.fuelo.net/gasstation/id/43630?lang=bg,None,2.45 лв/л.(kw/h),None,None,2.81 лв/л.(kw/h),None,None,None,None,"https://www.google.com/maps/dir/?api=1&destination=42.716278,23.294516&travelmode=driving"
 Еко Петрол 6,бул. Тодор Александров №117,https://bg.fuelo.net/gasstation/id/1407?lang=bg,2.96 лв/л.(kw/h),2.51 лв/л.(kw/h),None,None,2.87 лв/л.(kw/h),None,None,None,None,"https://www.google.com/maps/dir/?api=1&destination=42.700569,23.305151&travelmode=driving"
 Eldrive ДЗИ,ул. Константин Преславски,https://bg.fuelo.net/gasstation/id/64816?lang=bg,None,None,None,None,None,None,0.90 лв/л.(kw/h),None,None,"https://www.google.com/maps/dir/?api=1&destination=42.724869,23.326609&travelmode=driving"
 Eldrive София Bricolage,ул. Околовръстен път,https://bg.fuelo.net/gasstation/id/64817?lang=bg,None,None,None,None,None,None,0.90 лв/л.(kw/h),None,None,"https://www.google.com/maps/dir/?api=1&destination=42.733788,23.249130&travelmode=driving"
 Eldrive Shell Люлин,бул. Панчо Владигеров,https://bg.fuelo.net/gasstation/id/64819?lang=bg,None,None,None,None,None,None,0.90 лв/л.(kw/h),None,None,"https://www.google.com/maps/dir/?api=1&destination=42.719234,23.253736&travelmode=driving"
 Eldrive София Metro 2,бул. Европа №182 ,https://bg.fuelo.net/gasstation/id/64820?lang=bg,None,None,None,None,None,None,0.90 лв/л.(kw/h),None,None,"https://www.google.com/maps/dir/?api=1&destination=42.745541,23.229858&travelmode=driving"
 Eldrive София KFC,бул. Владимир Вазов №81,https://bg.fuelo.net/gasstation/id/64821?lang=bg,None,None,None,None,None,None,0.90 лв/л.(kw/h),None,None,"https://www.google.com/maps/dir/?api=1&destination=42.709694,23.394361&travelmode=driving"
 Eldrive Sofia airport center,бул. Христофор Колумб №38,https://bg.fuelo.net/gasstation/id/64822?lang=bg,None,None,None,None,None,None,0.90 лв/л.(kw/h),None,None,"https://www.google.com/maps/dir/?api=1&destination=42.682365,23.403307&travelmode=driving"
 Eldrive Хотел Ибис,ул. Мими Балканска №132,https://bg.fuelo.net/gasstation/id/64823?lang=bg,None,None,None,None,None,None,0.90 лв/л.(kw/h),None,None,"https://www.google.com/maps/dir/?api=1&destination=42.686760,23.397139&travelmode=driving"
 Eldrive Eldrive Офис,бул. Христофор Колумб №41,https://bg.fuelo.net/gasstation/id/64824?lang=bg,None,None,None,None,None,None,0.90 лв/л.(kw/h),None,None,"https://www.google.com/maps/dir/?api=1&destination=42.679485,23.399227&travelmode=driving"
 Eldrive Търговски Център Европа,бул. Искърско шосе №7,https://bg.fuelo.net/gasstation/id/64825?lang=bg,None,None,None,None,None,None,0.90 лв/л.(kw/h),None,None,"https://www.google.com/maps/dir/?api=1&destination=42.672306,23.395370&travelmode=driving"
 Eldrive Фантастико Дружба,бул. проф. Цветан Лазаров №140,https://bg.fuelo.net/gasstation/id/64826?lang=bg,None,None,None,None,None,None,0.90 лв/л.(kw/h),None,None,"https://www.google.com/maps/dir/?api=1&destination=42.650097,23.407475&travelmode=driving"
 Eldrive OMV Druzhba,Prof. Tsvetan Lazarov Blvd 63,https://bg.fuelo.net/gasstation/id/83259?lang=bg,None,None,None,None,None,None,0.90 лв/л.(kw/h),None,None,"https://www.google.com/maps/dir/?api=1&destination=42.661770,23.391966&travelmode=driving"
 Eldrive The Mall Sofia,"бул. Цариградско шосе №115 (Паркинг ниво -1, колони B08 и B09)",https://bg.fuelo.net/gasstation/id/64827?lang=bg,None,None,None,None,None,None,0.90 лв/л.(kw/h),None,None,"https://www.google.com/maps/dir/?api=1&destination=42.660629,23.381884&travelmode=driving"
 Eldrive Shell Poduene,"Boulevard ""Botevgradsko Shose""",https://bg.fuelo.net/gasstation/id/83260?lang=bg,None,None,None,None,None,None,0.90 лв/л.(kw/h),None,None,"https://www.google.com/maps/dir/?api=1&destination=42.696564,23.355684&travelmode=driving"
 Eldrive Новотел,бул. Цариградско шосе №115,https://bg.fuelo.net/gasstation/id/64828?lang=bg,None,None,None,None,None,None,0.90 лв/л.(kw/h),None,None,"https://www.google.com/maps/dir/?api=1&destination=42.658749,23.383204&travelmode=driving"
 Eldrive Goldline,бул. Цариградско шосе,https://bg.fuelo.net/gasstation/id/64829?lang=bg,None,None,None,None,None,None,0.90 лв/л.(kw/h),None,None,"https://www.google.com/maps/dir/?api=1&destination=42.659340,23.380207&travelmode=driving"
 Eldrive Gazprom,бул. Цариградско шосе №355,https://bg.fuelo.net/gasstation/id/64830?lang=bg,None,None,None,None,None,None,0.90 лв/л.(kw/h),None,None,"https://www.google.com/maps/dir/?api=1&destination=42.638756,23.413195&travelmode=driving"
 Eldrive София Capital Fort,бул. Цариградско шосе №90,https://bg.fuelo.net/gasstation/id/64831?lang=bg,None,None,None,None,None,None,0.90 лв/л.(kw/h),None,None,"https://www.google.com/maps/dir/?api=1&destination=42.646912,23.395130&travelmode=driving"
 Eldrive София Metro 1,бул. Цариградско шосе №7-11,https://bg.fuelo.net/gasstation/id/64832?lang=bg,None,None,None,None,None,None,0.90 лв/л.(kw/h),None,None,"https://www.google.com/maps/dir/?api=1&destination=42.647472,23.393730&travelmode=driving"
 Eldrive Килер,ул. Абагар №22 (НПЗ Изток),https://bg.fuelo.net/gasstation/id/64833?lang=bg,None,None,None,None,None,None,0.90 лв/л.(kw/h),None,None,"https://www.google.com/maps/dir/?api=1&destination=42.642620,23.395901&travelmode=driving"
 Eldrive Vassilevi Plaza,ул. Индустриална,https://bg.fuelo.net/gasstation/id/64834?lang=bg,None,None,None,None,None,None,0.90 лв/л.(kw/h),None,None,"https://www.google.com/maps/dir/?api=1&destination=42.707279,23.335155&travelmode=driving"
 Eldrive Hyatt Regency,бул. Янко Сакъзов,https://bg.fuelo.net/gasstation/id/64835?lang=bg,None,None,None,None,None,None,0.90 лв/л.(kw/h),None,None,"https://www.google.com/maps/dir/?api=1&destination=42.696251,23.336042&travelmode=driving"
 Eldrive София Фантастико 3,"ул. Коста Лулчев №52 (Sky city Mall, Ground floor)",https://bg.fuelo.net/gasstation/id/64836?lang=bg,None,None,None,None,None,None,0.90 лв/л.(kw/h),None,None,"https://www.google.com/maps/dir/?api=1&destination=42.679817,23.367535&travelmode=driving"
 Eldrive Мол Сердика център,"бул. Ситняково №48 (паркинг ниво -2, Zone H, място 429)",https://bg.fuelo.net/gasstation/id/64837?lang=bg,None,None,None,None,None,None,0.90 лв/л.(kw/h),None,None,"https://www.google.com/maps/dir/?api=1&destination=42.691349,23.353001&travelmode=driving"
 Eldrive Шейново,ул. Шейново №7,https://bg.fuelo.net/gasstation/id/64838?lang=bg,None,None,None,None,None,None,0.90 лв/л.(kw/h),None,None,"https://www.google.com/maps/dir/?api=1&destination=42.692608,23.337519&travelmode=driving"
 Eldrive OMV Цариградско север,бул. Цариградско шосе,https://bg.fuelo.net/gasstation/id/81224?lang=bg,None,None,None,None,None,None,0.90 лв/л.(kw/h),None,None,"https://www.google.com/maps/dir/?api=1&destination=42.656776,23.386084&travelmode=driving"
 Eldrive FPI Hill Tower,бул. Джеймс Баучер №76A,https://bg.fuelo.net/gasstation/id/64840?lang=bg,None,None,None,None,None,None,0.90 лв/л.(kw/h),None,None,"https://www.google.com/maps/dir/?api=1&destination=42.672497,23.320374&travelmode=driving"
 Eldrive OMV Корабче,бул. Цариградско шосе,https://bg.fuelo.net/gasstation/id/81225?lang=bg,None,None,None,None,None,None,0.90 лв/л.(kw/h),None,None,"https://www.google.com/maps/dir/?api=1&destination=42.641529,23.404472&travelmode=driving"
 Eldrive OMV Малинова долина,ул. Околовръстен път,https://bg.fuelo.net/gasstation/id/81226?lang=bg,None,None,None,None,None,None,0.90 лв/л.(kw/h),None,None,"https://www.google.com/maps/dir/?api=1&destination=42.628860,23.344833&travelmode=driving"
 Eldrive Bricolage Цариградско,бул. Цариградско шосе №115,https://bg.fuelo.net/gasstation/id/64842?lang=bg,None,None,None,None,None,None,0.90 лв/л.(kw/h),None,None,"https://www.google.com/maps/dir/?api=1&destination=42.663876,23.378134&travelmode=driving"
 Eldrive Музейко,ул. Професор Боян Каменов №3,https://bg.fuelo.net/gasstation/id/64843?lang=bg,None,None,None,None,None,None,0.90 лв/л.(kw/h),None,None,"https://www.google.com/maps/dir/?api=1&destination=42.659969,23.354874&travelmode=driving"
 Eldrive ВМВ,ул. Никола Габровски №20,https://bg.fuelo.net/gasstation/id/64844?lang=bg,None,None,None,None,None,None,0.90 лв/л.(kw/h),None,None,"https://www.google.com/maps/dir/?api=1&destination=42.661983,23.347450&travelmode=driving"
 Eldrive Минно-геоложки университет,ул. проф. Боян Каменов,https://bg.fuelo.net/gasstation/id/64845?lang=bg,None,None,None,None,None,None,0.90 лв/л.(kw/h),None,None,"https://www.google.com/maps/dir/?api=1&destination=42.659267,23.353230&travelmode=driving"
 Eldrive Фантастико Г.М. Димитров,бул. Доктор Г. М. Димитров №77,https://bg.fuelo.net/gasstation/id/64846?lang=bg,None,None,None,None,None,None,0.90 лв/л.(kw/h),None,None,"https://www.google.com/maps/dir/?api=1&destination=42.658627,23.346973&travelmode=driving"
 Eldrive Малеева,бул. Никола Й. Вапцаров №57,https://bg.fuelo.net/gasstation/id/64847?lang=bg,None,None,None,None,None,None,0.90 лв/л.(kw/h),None,None,"https://www.google.com/maps/dir/?api=1&destination=42.667713,23.328272&travelmode=driving"
 Eldrive Expo 2000,бул. Никола Й. Вапцаров №55,https://bg.fuelo.net/gasstation/id/64848?lang=bg,None,None,None,None,None,None,0.70 лв/л.(kw/h),None,None,"https://www.google.com/maps/dir/?api=1&destination=42.667164,23.326239&travelmode=driving"
 Eldrive Siven,бул.Черни Връх №47,https://bg.fuelo.net/gasstation/id/64849?lang=bg,None,None,None,None,None,None,0.90 лв/л.(kw/h),None,None,"https://www.google.com/maps/dir/?api=1&destination=42.662472,23.319050&travelmode=driving"
 Eldrive Автомивка Сребърна,ул. Сребърна №28,https://bg.fuelo.net/gasstation/id/64850?lang=bg,None,None,None,None,None,None,0.90 лв/л.(kw/h),None,None,"https://www.google.com/maps/dir/?api=1&destination=42.659195,23.324667&travelmode=driving"
 Eldrive FPI Business Center,бул. Черни връх №51Б,https://bg.fuelo.net/gasstation/id/64851?lang=bg,None,None,None,None,None,None,0.90 лв/л.(kw/h),None,None,"https://www.google.com/maps/dir/?api=1&destination=42.659222,23.317251&travelmode=driving"
 Eldrive Фантастико Драгалевци,бул. Черни връх №204,https://bg.fuelo.net/gasstation/id/64853?lang=bg,None,None,None,None,None,None,0.90 лв/л.(kw/h),None,None,"https://www.google.com/maps/dir/?api=1&destination=42.640266,23.311504&travelmode=driving"
 Eldrive Филмово студио Ню Бояна,ул. Кумата №84,https://bg.fuelo.net/gasstation/id/64854?lang=bg,None,None,None,None,None,None,0.90 лв/л.(kw/h),None,None,"https://www.google.com/maps/dir/?api=1&destination=42.641457,23.293045&travelmode=driving"
 Eldrive Billa България ,бул. България №55,https://bg.fuelo.net/gasstation/id/64855?lang=bg,None,None,None,None,None,None,0.90 лв/л.(kw/h),None,None,"https://www.google.com/maps/dir/?api=1&destination=42.665810,23.288918&travelmode=driving"
 Eldrive Mall Bulgaria,бул. България №69,https://bg.fuelo.net/gasstation/id/64856?lang=bg,None,None,None,None,None,None,0.90 лв/л.(kw/h),None,None,"https://www.google.com/maps/dir/?api=1&destination=42.664307,23.288286&travelmode=driving"
 Eldrive Национален исторически музей,НИМ паркинг,https://bg.fuelo.net/gasstation/id/64857?lang=bg,None,None,None,None,None,None,0.90 лв/л.(kw/h),None,None,"https://www.google.com/maps/dir/?api=1&destination=42.656918,23.271467&travelmode=driving"
 Eldrive Фантастико Любляна,ул. Любляна №42А,https://bg.fuelo.net/gasstation/id/64859?lang=bg,None,None,None,None,None,None,0.90 лв/л.(kw/h),None,None,"https://www.google.com/maps/dir/?api=1&destination=42.670818,23.258070&travelmode=driving"
 Eldrive Спортна база Бояна,ул. Асен Георгиев №31,https://bg.fuelo.net/gasstation/id/64860?lang=bg,None,None,None,None,None,None,0.90 лв/л.(kw/h),None,None,"https://www.google.com/maps/dir/?api=1&destination=42.641033,23.279814&travelmode=driving"
 Eldrive Kambanite Green Offices,ул. Витошки Камбани №9,https://bg.fuelo.net/gasstation/id/64861?lang=bg,None,None,None,None,None,None,0.90 лв/л.(kw/h),None,None,"https://www.google.com/maps/dir/?api=1&destination=42.621891,23.378588&travelmode=driving"
 Eldrive Siteground,ул. Олимпийска,https://bg.fuelo.net/gasstation/id/64862?lang=bg,None,None,None,None,None,None,0.90 лв/л.(kw/h),None,None,"https://www.google.com/maps/dir/?api=1&destination=42.622902,23.368507&travelmode=driving"
 Eldrive Residential park,"София парк, Търговска зона",https://bg.fuelo.net/gasstation/id/64864?lang=bg,None,None,None,None,None,None,0.90 лв/л.(kw/h),None,None,"https://www.google.com/maps/dir/?api=1&destination=42.621212,23.368856&travelmode=driving"
 Eldrive IKEA,ул. Околовръстен път №216,https://bg.fuelo.net/gasstation/id/64865?lang=bg,None,None,None,None,None,None,0.90 лв/л.(kw/h),None,None,"https://www.google.com/maps/dir/?api=1&destination=42.623104,23.356199&travelmode=driving"
 Eldrive Ring Mall Sofia,ул. Околовръстен път №214 (подземен паркинг),https://bg.fuelo.net/gasstation/id/64866?lang=bg,None,None,None,None,None,None,0.90 лв/л.(kw/h),None,None,"https://www.google.com/maps/dir/?api=1&destination=42.625370,23.351198&travelmode=driving"
 Eldrive Фантастико Банкя,ул. Иванянско шосе №2,https://bg.fuelo.net/gasstation/id/64868?lang=bg,None,None,None,None,None,None,0.90 лв/л.(kw/h),None,None,"https://www.google.com/maps/dir/?api=1&destination=42.716499,23.170658&travelmode=driving"
 Eldrive Paradise Center,бул. Черни връх №100,https://bg.fuelo.net/gasstation/id/64919?lang=bg,None,None,None,None,None,None,0.90 лв/л.(kw/h),None,None,"https://www.google.com/maps/dir/?api=1&destination=42.657982,23.315922&travelmode=driving"
 Eldrive д-р Щерев медицински комплекс, ул. Христо Благоев №25,https://bg.fuelo.net/gasstation/id/64921?lang=bg,None,None,None,None,None,None,0.90 лв/л.(kw/h),None,None,"https://www.google.com/maps/dir/?api=1&destination=42.700352,23.287678&travelmode=driving"
 Eldrive Park Lane Office Center,ул. Сребърна №21,https://bg.fuelo.net/gasstation/id/65016?lang=bg,None,None,None,None,None,None,0.90 лв/л.(kw/h),None,None,"https://www.google.com/maps/dir/?api=1&destination=42.659916,23.321556&travelmode=driving"
 Eldrive Kitchen 59,бул. „Цар Борис III“ 59,https://bg.fuelo.net/gasstation/id/65017?lang=bg,None,None,None,None,None,None,0.90 лв/л.(kw/h),None,None,"https://www.google.com/maps/dir/?api=1&destination=42.681362,23.290110&travelmode=driving"
 FINES Rila Solutions БАН,БАН IV км,https://bg.fuelo.net/gasstation/id/65049?lang=bg,None,None,None,None,None,None,0.95 лв/л.(kw/h),None,None,"https://www.google.com/maps/dir/?api=1&destination=42.674908,23.367689&travelmode=driving"
 FINES Pulse Bulgaria,бул. България №132,https://bg.fuelo.net/gasstation/id/65065?lang=bg,None,None,None,None,None,None,0.95 лв/л.(kw/h),None,None,"https://www.google.com/maps/dir/?api=1&destination=42.655617,23.281149&travelmode=driving"
 FINES Petrol Каблешков,бул. Тодор Каблешков,https://bg.fuelo.net/gasstation/id/65325?lang=bg,None,None,None,None,None,None,0.95 лв/л.(kw/h),None,None,"https://www.google.com/maps/dir/?api=1&destination=42.659504,23.298954&travelmode=driving"
 FINES Sofia Tech Park,бул. Цариградско шосе №111E,https://bg.fuelo.net/gasstation/id/83247?lang=bg,None,None,None,None,None,None,0.95 лв/л.(kw/h),None,None,"https://www.google.com/maps/dir/?api=1&destination=42.667896,23.375246&travelmode=driving"
 FINES Garitage Park,ул. Донка Ушлинова №2 (Малинова долина),https://bg.fuelo.net/gasstation/id/65073?lang=bg,None,None,None,None,None,None,0.95 лв/л.(kw/h),None,None,"https://www.google.com/maps/dir/?api=1&destination=42.622879,23.371937&travelmode=driving"
 FINES Hyundai София,бул. Околовръстен път №260,https://bg.fuelo.net/gasstation/id/83253?lang=bg,None,None,None,None,None,None,0.95 лв/л.(kw/h),None,None,"https://www.google.com/maps/dir/?api=1&destination=42.622856,23.379679&travelmode=driving"
 FINES Младост 1,ул. Димитър Моллов №5,https://bg.fuelo.net/gasstation/id/64896?lang=bg,None,None,None,None,None,None,0.95 лв/л.(kw/h),None,None,"https://www.google.com/maps/dir/?api=1&destination=42.661396,23.372131&travelmode=driving"
 FINES Megalan Студентски,ул. Йордан Йосифов,https://bg.fuelo.net/gasstation/id/64900?lang=bg,None,None,None,None,None,None,0.95 лв/л.(kw/h),None,None,"https://www.google.com/maps/dir/?api=1&destination=42.654026,23.345573&travelmode=driving"
 FINES Pulse Младост,ул. Софийски околовръстен път №251А (ж.к. Младост 4),https://bg.fuelo.net/gasstation/id/65223?lang=bg,None,None,None,None,None,None,0.95 лв/л.(kw/h),None,None,"https://www.google.com/maps/dir/?api=1&destination=42.624435,23.372894&travelmode=driving"
 FINES Технострой Дружба 1,,https://bg.fuelo.net/gasstation/id/85199?lang=bg,None,None,None,None,None,None,0.95 лв/л.(kw/h),None,None,"https://www.google.com/maps/dir/?api=1&destination=42.656273,23.406332&travelmode=driving"
 FINES Порше София Запад,бул. Европа №447,https://bg.fuelo.net/gasstation/id/82172?lang=bg,None,None,None,None,None,None,0.95 лв/л.(kw/h),None,None,"https://www.google.com/maps/dir/?api=1&destination=42.743980,23.229982&travelmode=driving"
